-- phpMyAdmin SQL Dump
-- version 4.9.5
-- https://www.phpmyadmin.net/
--
-- Хост: localhost:3306
-- Время создания: Сен 16 2020 г., 12:45
-- Версия сервера: 10.3.16-MariaDB
-- Версия PHP: 7.3.12

SET SQL_MODE = "NO_AUTO_VALUE_ON_ZERO";
SET AUTOCOMMIT = 0;
START TRANSACTION;
SET time_zone = "+00:00";


/*!40101 SET @OLD_CHARACTER_SET_CLIENT=@@CHARACTER_SET_CLIENT */;
/*!40101 SET @OLD_CHARACTER_SET_RESULTS=@@CHARACTER_SET_RESULTS */;
/*!40101 SET @OLD_COLLATION_CONNECTION=@@COLLATION_CONNECTION */;
/*!40101 SET NAMES utf8mb4 */;

--
-- База данных: `id8841728_schedule`
--

-- --------------------------------------------------------

--
-- Структура таблицы `ag_machinery`
--

CREATE TABLE `ag_machinery` (
  `dep_id` int(11) NOT NULL,
  `departure` time(4) NOT NULL,
  `bus_id` int(11) NOT NULL,
  `dest_id` int(11) NOT NULL,
  `week_day` tinyint(1) NOT NULL,
  `day_off` tinyint(1) NOT NULL,
  `comment` varchar(25) DEFAULT NULL
) ENGINE=InnoDB DEFAULT CHARSET=utf8;

--
-- Дамп данных таблицы `ag_machinery`
--

INSERT INTO `ag_machinery` (`dep_id`, `departure`, `bus_id`, `dest_id`, `week_day`, `day_off`, `comment`) VALUES
(1, '10:08:00.0000', 1, 4, 1, 1, ' '),
(2, '11:08:00.0000', 1, 4, 1, 1, ' '),
(3, '12:08:00.0000', 1, 4, 0, 1, ' '),
(4, '13:53:00.0000', 1, 4, 1, 1, ' '),
(5, '18:08:00.0000', 1, 4, 1, 1, ' '),
(1, '07:58:00.0000', 1, 7, 1, 0, ' '),
(2, '09:48:00.0000', 1, 7, 1, 1, ' '),
(3, '10:48:00.0000', 1, 7, 1, 1, ' '),
(4, '11:48:00.0000', 1, 7, 0, 1, ' '),
(5, '13:08:00.0000', 1, 7, 1, 1, ' '),
(6, '17:48:00.0000', 1, 7, 1, 1, ' '),
(7, '20:28:00.0000', 1, 7, 1, 1, ' '),
(33, '08:23:00.0000', 2, 4, 1, 0, ' '),
(34, '08:38:00.0000', 2, 4, 0, 1, ' '),
(35, '08:53:00.0000', 2, 4, 1, 0, ' '),
(36, '09:33:00.0000', 2, 4, 1, 1, ' '),
(37, '09:53:00.0000', 2, 4, 1, 0, ' '),
(38, '10:38:00.0000', 2, 4, 1, 1, ' '),
(39, '11:38:00.0000', 2, 4, 1, 1, ' '),
(40, '12:18:00.0000', 2, 4, 1, 0, ' '),
(41, '13:13:00.0000', 2, 4, 1, 0, ' '),
(42, '14:08:00.0000', 2, 4, 1, 1, ' '),
(43, '14:23:00.0000', 2, 4, 1, 0, ' '),
(44, '15:08:00.0000', 2, 4, 1, 1, ' '),
(45, '15:53:00.0000', 2, 4, 1, 0, ' '),
(46, '16:08:00.0000', 2, 4, 1, 1, ' '),
(47, '16:23:00.0000', 2, 4, 1, 0, ' '),
(48, '17:08:00.0000', 2, 4, 1, 1, ' '),
(49, '17:28:00.0000', 2, 4, 1, 0, ' '),
(8, '07:40:00.0000', 2, 7, 1, 1, ' '),
(9, '08:30:00.0000', 2, 7, 1, 0, ' '),
(10, '08:31:00.0000', 2, 7, 0, 1, ' '),
(11, '09:15:00.0000', 2, 7, 1, 0, ' '),
(12, '09:16:00.0000', 2, 7, 0, 1, ' '),
(13, '09:35:00.0000', 2, 7, 1, 0, ' '),
(14, '10:15:00.0000', 2, 7, 1, 0, ' '),
(15, '10:16:00.0000', 2, 7, 0, 1, ' '),
(16, '11:15:00.0000', 2, 7, 1, 0, ' '),
(17, '11:16:00.0000', 2, 7, 0, 1, ' '),
(18, '11:55:00.0000', 2, 7, 1, 0, ' '),
(19, '12:55:00.0000', 2, 7, 1, 0, ' '),
(20, '13:46:00.0000', 2, 7, 1, 1, ' '),
(21, '14:05:00.0000', 2, 7, 1, 0, ' '),
(22, '14:45:00.0000', 2, 7, 1, 0, ' '),
(23, '14:46:00.0000', 2, 7, 0, 1, ' '),
(24, '15:45:00.0000', 2, 7, 1, 0, ' '),
(25, '15:46:00.0000', 2, 7, 0, 1, ' '),
(26, '16:00:00.0000', 2, 7, 1, 0, ' '),
(27, '16:45:00.0000', 2, 7, 1, 0, ' '),
(28, '16:46:00.0000', 2, 7, 0, 1, ' '),
(29, '17:05:00.0000', 2, 7, 1, 0, ' '),
(30, '18:10:00.0000', 2, 7, 1, 1, ' '),
(38, '06:47:00.0000', 7, 10, 1, 0, ' '),
(39, '07:57:00.0000', 7, 10, 1, 0, ' '),
(40, '08:37:00.0000', 7, 10, 1, 1, ' '),
(41, '12:42:00.0000', 7, 10, 1, 1, ' '),
(42, '14:12:00.0000', 7, 10, 1, 1, ' '),
(43, '15:17:00.0000', 7, 10, 1, 0, ' '),
(44, '16:17:00.0000', 7, 10, 1, 0, ' '),
(45, '18:17:00.0000', 7, 10, 1, 1, ' '),
(46, '19:17:00.0000', 7, 10, 1, 1, ' '),
(1, '13:15:00.0000', 7, 1, 0, 1, ' '),
(2, '14:50:00.0000', 7, 1, 1, 1, ' '),
(3, '15:50:00.0000', 7, 1, 1, 0, ' '),
(4, '16:50:00.0000', 7, 1, 1, 0, ' '),
(5, '18:00:00.0000', 7, 1, 1, 0, ' '),
(6, '18:50:00.0000', 7, 1, 1, 1, ' '),
(7, '19:50:00.0000', 7, 1, 1, 1, ' '),
(15, '06:26:00.0000', 7, 7, 0, 1, ' '),
(6, '04:08:00.0000', 8, 15, 1, 1, ' '),
(7, '05:18:00.0000', 8, 15, 1, 1, ' '),
(8, '05:53:00.0000', 8, 15, 1, 1, ' '),
(9, '06:23:00.0000', 8, 15, 1, 1, ' '),
(10, '07:33:00.0000', 8, 15, 1, 1, ' '),
(11, '09:53:00.0000', 8, 15, 1, 1, ' '),
(12, '08:38:00.0000', 8, 15, 0, 1, 'по вс'),
(13, '10:28:00.0000', 8, 15, 1, 1, ' '),
(14, '11:33:00.0000', 8, 15, 1, 1, ' '),
(15, '13:13:00.0000', 8, 15, 1, 1, ' '),
(16, '14:23:00.0000', 8, 15, 1, 1, ' '),
(17, '15:08:00.0000', 8, 15, 0, 1, ' '),
(18, '15:18:00.0000', 8, 15, 1, 0, ' '),
(19, '15:48:00.0000', 8, 15, 0, 1, ' '),
(20, '15:58:00.0000', 8, 15, 1, 0, ' '),
(21, '16:28:00.0000', 8, 15, 0, 1, ' '),
(22, '17:53:00.0000', 8, 15, 1, 1, ' '),
(23, '18:58:00.0000', 8, 15, 1, 1, ' '),
(24, '19:58:00.0000', 8, 15, 1, 1, ' '),
(25, '20:53:00.0000', 8, 15, 1, 1, ' '),
(13, '03:56:00.0000', 8, 7, 1, 1, ' '),
(14, '05:03:00.0000', 8, 7, 1, 1, ' '),
(15, '05:38:00.0000', 8, 7, 1, 1, ' '),
(16, '06:08:00.0000', 8, 7, 1, 1, ' '),
(17, '08:13:00.0000', 8, 7, 0, 1, 'по вс'),
(18, '09:33:00.0000', 8, 7, 1, 1, ' '),
(19, '10:08:00.0000', 8, 7, 1, 1, ' '),
(20, '11:13:00.0000', 8, 7, 1, 1, ' '),
(21, '12:53:00.0000', 8, 7, 1, 1, ' '),
(22, '14:03:00.0000', 8, 7, 1, 1, ' '),
(23, '14:48:00.0000', 8, 7, 1, 1, ' '),
(24, '15:28:00.0000', 8, 7, 0, 1, ' '),
(25, '15:43:00.0000', 8, 7, 1, 0, ' '),
(26, '16:11:00.0000', 8, 7, 0, 1, ' '),
(27, '17:13:00.0000', 8, 7, 1, 1, ' '),
(28, '18:38:00.0000', 8, 7, 1, 1, ' '),
(29, '19:13:00.0000', 8, 7, 1, 1, ' '),
(30, '20:28:00.0000', 8, 7, 1, 1, ' '),
(56, '22:34:00.0000', 8, 7, 1, 1, ' '),
(57, '23:44:00.0000', 8, 7, 1, 1, ' '),
(33, '07:21:00.0000', 9, 7, 1, 1, ' '),
(34, '08:11:00.0000', 9, 7, 1, 1, ' '),
(35, '08:21:00.0000', 9, 7, 1, 1, 'кроме вс'),
(36, '09:51:00.0000', 9, 7, 1, 1, ' '),
(37, '15:01:00.0000', 9, 7, 1, 0, ' '),
(50, '09:04:00.0000', 9, 5, 1, 1, ' '),
(51, '18:34:00.0000', 9, 5, 1, 1, ' '),
(52, '08:34:00.0000', 9, 15, 1, 1, 'кроме вс'),
(31, '08:55:00.0000', 11, 7, 1, 0, ' '),
(32, '10:05:00.0000', 11, 7, 1, 0, ' '),
(33, '10:40:00.0000', 11, 7, 1, 1, ' '),
(34, '11:10:00.0000', 11, 7, 1, 0, ' '),
(35, '11:40:00.0000', 11, 7, 1, 1, ' '),
(36, '12:10:00.0000', 11, 7, 1, 0, ' '),
(37, '12:40:00.0000', 11, 7, 1, 1, ' '),
(38, '13:30:00.0000', 11, 7, 1, 1, ' '),
(39, '14:30:00.0000', 11, 7, 1, 1, ' '),
(40, '15:30:00.0000', 11, 7, 1, 1, ' '),
(41, '16:30:00.0000', 11, 7, 1, 1, ' '),
(42, '17:40:00.0000', 11, 7, 1, 1, ' '),
(43, '18:50:00.0000', 11, 7, 1, 1, ' '),
(44, '19:50:00.0000', 11, 7, 1, 1, ' '),
(53, '07:36:00.0000', 11, 4, 1, 1, ' '),
(54, '09:21:00.0000', 11, 4, 1, 0, ' '),
(55, '10:01:00.0000', 11, 4, 1, 1, ' '),
(56, '10:21:00.0000', 11, 4, 1, 0, ' '),
(57, '10:56:00.0000', 11, 4, 1, 1, ' '),
(58, '11:26:00.0000', 11, 4, 1, 0, ' '),
(59, '11:56:00.0000', 11, 4, 1, 1, ' '),
(60, '12:31:00.0000', 11, 4, 1, 0, ' '),
(61, '12:56:00.0000', 11, 4, 1, 1, ' '),
(62, '13:46:00.0000', 11, 4, 1, 1, ' '),
(63, '14:46:00.0000', 11, 4, 1, 1, ' '),
(64, '15:46:00.0000', 11, 4, 1, 1, ' '),
(65, '16:56:00.0000', 11, 4, 1, 1, ' '),
(66, '17:56:00.0000', 11, 4, 1, 1, ' '),
(67, '19:06:00.0000', 11, 4, 1, 1, ' '),
(68, '20:06:00.0000', 11, 4, 1, 1, ' '),
(69, '21:08:00.0000', 11, 1, 1, 1, ''),
(47, '06:47:00.0000', 13, 12, 1, 0, ' '),
(48, '07:22:00.0000', 13, 12, 1, 1, ' '),
(73, '07:25:00.0000', 13, 1, 1, 0, ' '),
(74, '07:40:00.0000', 13, 1, 1, 0, ' '),
(75, '13:15:00.0000', 13, 1, 1, 0, ' '),
(76, '16:50:00.0000', 13, 1, 1, 0, ' '),
(77, '17:15:00.0000', 13, 1, 1, 0, ' '),
(45, '17:23:00.0000', 14, 12, 1, 0, ' '),
(79, '07:28:00.0000', 14, 4, 1, 0, ' '),
(80, '08:03:00.0000', 14, 4, 1, 1, ' '),
(81, '08:33:00.0000', 14, 4, 1, 0, ' '),
(82, '09:13:00.0000', 14, 4, 1, 1, ' '),
(83, '12:23:00.0000', 14, 4, 1, 0, ' '),
(46, '11:48:00.0000', 15, 10, 1, 0, ' '),
(51, '15:17:00.0000', 16, 7, 0, 1, ' '),
(52, '16:17:00.0000', 16, 7, 0, 1, ' '),
(84, '06:39:00.0000', 16, 1, 1, 0, ' '),
(85, '06:49:00.0000', 16, 1, 0, 1, ' '),
(86, '08:34:00.0000', 16, 1, 1, 0, ' '),
(88, '16:39:00.0000', 16, 1, 0, 1, ' '),
(89, '20:44:00.0000', 16, 1, 1, 1, ' '),
(87, '15:38:00.0000', 16, 5, 0, 1, ''),
(70, '21:47:00.0000', 17, 1, 1, 1, ' '),
(54, '07:35:00.0000', 18, 10, 1, 0, ' '),
(42, '16:36:00.0000', 18, 10, 1, 0, ' '),
(18, '08:13:00.0000', 18, 5, 1, 0, ' '),
(19, '16:58:00.0000', 18, 1, 1, 0, ' '),
(40, '21:37:00.0000', 17, 7, 1, 1, ' '),
(88, '20:53:00.0000', 11, 7, 1, 1, ''),
(26, '22:49:00.0000', 8, 1, 1, 1, ' ');

-- --------------------------------------------------------

--
-- Структура таблицы `alesya`
--

CREATE TABLE `alesya` (
  `dep_id` int(11) NOT NULL,
  `departure` time(4) NOT NULL,
  `bus_id` int(11) NOT NULL,
  `dest_id` int(11) NOT NULL,
  `week_day` tinyint(1) NOT NULL,
  `day_off` tinyint(1) NOT NULL,
  `comment` varchar(25) DEFAULT NULL
) ENGINE=InnoDB DEFAULT CHARSET=utf8;

--
-- Дамп данных таблицы `alesya`
--

INSERT INTO `alesya` (`dep_id`, `departure`, `bus_id`, `dest_id`, `week_day`, `day_off`, `comment`) VALUES
(74, '08:42:00.0000', 11, 8, 1, 0, ' '),
(75, '09:52:00.0000', 11, 8, 1, 0, ' '),
(76, '10:27:00.0000', 11, 8, 1, 1, ' '),
(77, '10:57:00.0000', 11, 8, 1, 0, ' '),
(78, '11:27:00.0000', 11, 8, 1, 1, ' '),
(79, '11:57:00.0000', 11, 8, 1, 0, ' '),
(80, '12:27:00.0000', 11, 8, 1, 1, ' '),
(81, '13:17:00.0000', 11, 8, 1, 1, ' '),
(82, '14:17:00.0000', 11, 8, 1, 1, ' '),
(83, '15:17:00.0000', 11, 8, 1, 1, ' '),
(84, '16:17:00.0000', 11, 8, 1, 1, ' '),
(85, '17:27:00.0000', 11, 8, 1, 1, ' '),
(86, '18:37:00.0000', 11, 8, 1, 1, ' '),
(87, '19:37:00.0000', 11, 8, 1, 1, ' '),
(88, '20:47:00.0000', 11, 7, 1, 1, '');

-- --------------------------------------------------------

--
-- Структура таблицы `allbuses`
--

CREATE TABLE `allbuses` (
  `bus_id` int(11) NOT NULL,
  `bus_number` varchar(3) NOT NULL
) ENGINE=InnoDB DEFAULT CHARSET=utf8;

--
-- Дамп данных таблицы `allbuses`
--

INSERT INTO `allbuses` (`bus_id`, `bus_number`) VALUES
(1, '1'),
(2, '1э'),
(3, '2'),
(4, '2б'),
(5, '3'),
(6, '4'),
(7, '5'),
(8, '6'),
(9, '6э'),
(10, '7'),
(11, '8э'),
(12, '10'),
(13, '11'),
(14, '12'),
(15, '13'),
(16, '14'),
(17, '14э'),
(18, '16э'),
(19, '6а');

-- --------------------------------------------------------

--
-- Структура таблицы `alldestinations`
--

CREATE TABLE `alldestinations` (
  `dest_id` int(11) NOT NULL,
  `destination` varchar(35) NOT NULL
) ENGINE=InnoDB DEFAULT CHARSET=utf8;

--
-- Дамп данных таблицы `alldestinations`
--

INSERT INTO `alldestinations` (`dest_id`, `destination`) VALUES
(1, 'в Восточный'),
(2, 'в Восточный через Корени'),
(3, 'в Восточный через Корени и больницу'),
(4, 'в Восточный через больницу'),
(5, 'в Восточный через ж/д вокзал'),
(6, 'в Восточный через Каминского'),
(7, 'в Корени'),
(8, 'в Корени через больницу'),
(9, 'в Корени через ж/д вокзал'),
(10, 'на САЗ'),
(11, 'на САЗ через больницу и Корени'),
(12, 'на САЗ через Корени'),
(13, 'на автовокзал'),
(14, 'на автовокзал через лесничество'),
(15, 'на ж/д вокзал'),
(16, 'в Молодежный'),
(17, 'в АТП №17'),
(18, 'на улицу Полевая'),
(19, 'на САЗ через больницу'),
(20, 'в Восточный через ул. Молодежная'),
(21, 'в Корени через Восточный'),
(22, 'на САЗ через ж/д вокзал'),
(23, 'на кладбище через Восточный');

-- --------------------------------------------------------

--
-- Структура таблицы `allstops`
--

CREATE TABLE `allstops` (
  `stop_id` int(11) NOT NULL,
  `stop` varchar(15) NOT NULL,
  `stop_name` varchar(30) NOT NULL
) ENGINE=InnoDB DEFAULT CHARSET=utf8;

--
-- Дамп данных таблицы `allstops`
--

INSERT INTO `allstops` (`stop_id`, `stop`, `stop_name`) VALUES
(1, 'koreni', 'микрорайон Корени'),
(2, 'saz', 'САЗ'),
(3, 'polyclinic', 'Поликлиника'),
(4, 'bakery_plant', 'Хлебозавод'),
(5, 'koreni_village', 'Корени'),
(6, 'water_intake', 'Водозабор'),
(7, 'ag_machinery', 'Агропромтехника'),
(8, 'west', 'микрорайон Западный'),
(9, 'school_1', 'СШ №1'),
(10, 'hotel', 'Гостиница'),
(11, 'square', 'Площадь'),
(12, 'сom_center', 'Узел связи'),
(13, 'justice_house', 'Дом правосудия'),
(14, 'hospital', 'Больница'),
(15, 'school_2', 'СШ №2'),
(16, 'sadovaya', 'Садовая'),
(17, 'electricity', 'Электросеть'),
(18, 'east', 'микрорайон Восточный'),
(19, 'school_7', 'СШ №7'),
(20, 'market', 'Вещевой рынок'),
(21, 'red_army', 'Красноармейская'),
(22, 'alesya', 'Алеся'),
(23, 'kolosok', 'Колосок'),
(24, 'szos', 'СЗОС'),
(25, 'spc', 'СПЦ'),
(26, 'school_3', 'СШ №3'),
(27, 'shop_5', 'Магазин №5'),
(28, 'city_forestry', 'Лесное хозяйство'),
(29, 'bus_station', 'Автовокзал'),
(30, 'rw_station', 'ж/д вокзал'),
(31, 'zaslonova_st', 'улица Заслонова'),
(32, 'gas_station', 'АЗС №1'),
(33, 'car_park', 'АТП №17'),
(34, 'hales', 'Халес'),
(35, 'hcs', 'ЖКХ'),
(36, 'veterinary', 'Ветлечебница'),
(37, 'lmz', 'Литейный завод'),
(38, 'gagarina_st', 'улица Гагарина'),
(39, 'molodeznaya_st', 'улица Молодежная'),
(40, 'city_gas', 'Горгаз'),
(41, 'molodezniy', 'микрорайон Молодежный'),
(42, 'shop', 'Магазин'),
(43, 'field', 'Полевая'),
(44, 'green_meadow', 'Зеленый луг'),
(45, 'forestry', 'Лесничество'),
(46, 'cemetery', 'Городское кладбище'),
(47, 'evroopt', 'Евроопт'),
(48, 'brovki_st', 'улица Петруся Бровки');

-- --------------------------------------------------------

--
-- Структура таблицы `bakery_plant`
--

CREATE TABLE `bakery_plant` (
  `dep_id` int(11) NOT NULL,
  `departure` time(4) NOT NULL,
  `bus_id` int(11) NOT NULL,
  `dest_id` int(11) NOT NULL,
  `week_day` tinyint(1) NOT NULL,
  `day_off` tinyint(1) NOT NULL,
  `comment` varchar(25) DEFAULT NULL
) ENGINE=InnoDB DEFAULT CHARSET=utf8;

--
-- Дамп данных таблицы `bakery_plant`
--

INSERT INTO `bakery_plant` (`dep_id`, `departure`, `bus_id`, `dest_id`, `week_day`, `day_off`, `comment`) VALUES
(1, '10:02:00.0000', 1, 4, 1, 1, ' '),
(2, '11:02:00.0000', 1, 4, 1, 1, ' '),
(3, '12:02:00.0000', 1, 4, 0, 1, ' '),
(4, '13:47:00.0000', 1, 4, 1, 1, ' '),
(5, '18:02:00.0000', 1, 4, 1, 1, ' '),
(33, '08:17:00.0000', 2, 4, 1, 0, ' '),
(34, '08:32:00.0000', 2, 4, 0, 1, ' '),
(35, '08:47:00.0000', 2, 4, 1, 0, ' '),
(36, '09:27:00.0000', 2, 4, 1, 1, ' '),
(37, '09:47:00.0000', 2, 4, 1, 0, ' '),
(38, '10:32:00.0000', 2, 4, 1, 1, ' '),
(39, '11:32:00.0000', 2, 4, 1, 1, ' '),
(40, '12:12:00.0000', 2, 4, 1, 0, ' '),
(41, '13:07:00.0000', 2, 4, 1, 0, ' '),
(42, '14:02:00.0000', 2, 4, 1, 1, ' '),
(43, '14:17:00.0000', 2, 4, 1, 0, ' '),
(44, '15:02:00.0000', 2, 4, 1, 1, ' '),
(45, '15:47:00.0000', 2, 4, 1, 0, ' '),
(46, '16:02:00.0000', 2, 4, 1, 1, ' '),
(47, '16:17:00.0000', 2, 4, 1, 0, ' '),
(48, '17:02:00.0000', 2, 4, 1, 1, ' '),
(49, '17:22:00.0000', 2, 4, 1, 0, ' '),
(1, '13:11:00.0000', 7, 1, 0, 1, ' '),
(2, '14:46:00.0000', 7, 1, 1, 1, ' '),
(3, '15:46:00.0000', 7, 1, 1, 0, ' '),
(4, '16:46:00.0000', 7, 1, 1, 0, ' '),
(5, '17:56:00.0000', 7, 1, 1, 0, ' '),
(6, '18:46:00.0000', 7, 1, 1, 1, ' '),
(7, '19:46:00.0000', 7, 1, 1, 1, ' '),
(6, '04:02:00.0000', 8, 15, 1, 1, ' '),
(7, '05:12:00.0000', 8, 15, 1, 1, ' '),
(8, '05:47:00.0000', 8, 15, 1, 1, ' '),
(9, '06:17:00.0000', 8, 15, 1, 1, ' '),
(10, '07:27:00.0000', 8, 15, 1, 1, ' '),
(11, '09:47:00.0000', 8, 15, 1, 1, ' '),
(12, '08:32:00.0000', 8, 15, 0, 1, 'по вс'),
(13, '10:22:00.0000', 8, 15, 1, 1, ' '),
(14, '11:27:00.0000', 8, 15, 1, 1, ' '),
(15, '13:07:00.0000', 8, 15, 1, 1, ' '),
(16, '14:17:00.0000', 8, 15, 1, 1, ' '),
(17, '15:02:00.0000', 8, 15, 0, 1, ' '),
(18, '15:12:00.0000', 8, 15, 1, 0, ' '),
(19, '15:42:00.0000', 8, 15, 0, 1, ' '),
(20, '15:52:00.0000', 8, 15, 1, 0, ' '),
(21, '16:22:00.0000', 8, 15, 0, 1, ' '),
(22, '17:47:00.0000', 8, 15, 1, 1, ' '),
(23, '18:52:00.0000', 8, 15, 1, 1, ' '),
(24, '19:52:00.0000', 8, 15, 1, 1, ' '),
(25, '20:47:00.0000', 8, 15, 1, 1, ' '),
(73, '07:22:00.0000', 13, 1, 1, 0, ' '),
(74, '07:37:00.0000', 13, 1, 1, 0, ' '),
(75, '13:12:00.0000', 13, 1, 1, 0, ' '),
(76, '16:47:00.0000', 13, 1, 1, 0, ' '),
(77, '17:12:00.0000', 13, 1, 1, 0, ' '),
(79, '07:22:00.0000', 14, 4, 1, 0, ' '),
(80, '07:57:00.0000', 14, 4, 1, 1, ' '),
(81, '08:27:00.0000', 14, 4, 1, 0, ' '),
(82, '09:07:00.0000', 14, 4, 1, 1, ' '),
(83, '12:17:00.0000', 14, 4, 1, 0, ' '),
(84, '06:33:00.0000', 16, 1, 1, 0, ' '),
(85, '06:43:00.0000', 16, 1, 0, 1, ' '),
(86, '08:28:00.0000', 16, 1, 1, 0, ' '),
(88, '16:33:00.0000', 16, 1, 0, 1, ' '),
(89, '20:38:00.0000', 16, 1, 1, 1, ' '),
(87, '15:32:00.0000', 16, 5, 0, 1, ''),
(18, '08:10:00.0000', 18, 5, 1, 0, ' '),
(19, '16:55:00.0000', 18, 1, 1, 0, ' '),
(26, '22:43:00.0000', 8, 1, 1, 1, ' ');

-- --------------------------------------------------------

--
-- Структура таблицы `bus_station`
--

CREATE TABLE `bus_station` (
  `dep_id` int(11) NOT NULL,
  `departure` time(4) NOT NULL,
  `bus_id` int(11) NOT NULL,
  `dest_id` int(11) NOT NULL,
  `week_day` tinyint(1) NOT NULL,
  `day_off` tinyint(1) NOT NULL,
  `comment` varchar(25) DEFAULT NULL
) ENGINE=InnoDB DEFAULT CHARSET=utf8;

--
-- Дамп данных таблицы `bus_station`
--

INSERT INTO `bus_station` (`dep_id`, `departure`, `bus_id`, `dest_id`, `week_day`, `day_off`, `comment`) VALUES
(1, '05:10:00.0000', 3, 1, 1, 1, ' '),
(2, '07:56:00.0000', 3, 1, 0, 1, 'по вс'),
(3, '09:26:00.0000', 3, 1, 0, 1, 'по вс'),
(4, '10:05:00.0000', 3, 1, 1, 0, ' '),
(5, '10:06:00.0000', 3, 1, 0, 1, ' '),
(6, '11:05:00.0000', 3, 1, 1, 1, ' '),
(7, '12:21:00.0000', 3, 1, 0, 1, 'по вс'),
(8, '17:00:00.0000', 3, 1, 1, 0, ' '),
(9, '12:35:00.0000', 5, 16, 1, 0, ' '),
(10, '12:00:00.0000', 6, 1, 1, 1, ' '),
(11, '13:20:00.0000', 6, 1, 0, 1, ' '),
(12, '10:00:00.0000', 4, 23, 0, 1, 'с 1 апреля по 10 ноября'),
(13, '12:00:00.0000', 4, 23, 0, 1, 'с 1 апреля по 10 ноября'),
(14, '06:25:00.0000', 7, 1, 1, 0, ' '),
(15, '06:20:00.0000', 16, 7, 0, 1, ' '),
(16, '10:15:00.0000', 7, 1, 0, 1, ' ');

-- --------------------------------------------------------

--
-- Структура таблицы `car_park`
--

CREATE TABLE `car_park` (
  `dep_id` int(11) NOT NULL,
  `departure` time(4) NOT NULL,
  `bus_id` int(11) NOT NULL,
  `dest_id` int(11) NOT NULL,
  `week_day` tinyint(1) NOT NULL,
  `day_off` tinyint(1) NOT NULL,
  `comment` varchar(25) DEFAULT NULL
) ENGINE=InnoDB DEFAULT CHARSET=utf8;

--
-- Дамп данных таблицы `car_park`
--

INSERT INTO `car_park` (`dep_id`, `departure`, `bus_id`, `dest_id`, `week_day`, `day_off`, `comment`) VALUES
(1, '03:45:00.0000', 10, 2, 1, 1, ' '),
(2, '04:55:00.0000', 10, 1, 1, 1, ' '),
(3, '05:40:00.0000', 10, 1, 1, 1, ' '),
(4, '06:20:00.0000', 10, 1, 1, 1, ' '),
(5, '07:00:00.0000', 10, 1, 1, 0, ' '),
(6, '07:10:00.0000', 10, 1, 0, 1, ' '),
(7, '11:45:00.0000', 10, 1, 1, 0, ' '),
(8, '13:00:00.0000', 10, 1, 1, 0, ' '),
(9, '17:15:00.0000', 10, 1, 1, 0, ' '),
(10, '19:10:00.0000', 10, 1, 1, 1, ' '),
(11, '20:15:00.0000', 10, 1, 1, 1, ' '),
(12, '21:10:00.0000', 10, 1, 1, 1, ' '),
(13, '23:10:00.0000', 10, 1, 1, 1, ' '),
(14, '17:00:00.0000', 12, 18, 1, 0, ' '),
(15, '22:05:00.0000', 10, 1, 1, 1, NULL),
(16, '13:00:00.0000', 12, 18, 1, 0, NULL);

-- --------------------------------------------------------

--
-- Структура таблицы `cemetery`
--

CREATE TABLE `cemetery` (
  `dep_id` int(11) NOT NULL,
  `departure` time(4) NOT NULL,
  `bus_id` int(11) NOT NULL,
  `dest_id` int(11) NOT NULL,
  `week_day` tinyint(1) NOT NULL,
  `day_off` tinyint(1) NOT NULL,
  `comment` varchar(35) DEFAULT NULL
) ENGINE=InnoDB DEFAULT CHARSET=utf8;

--
-- Дамп данных таблицы `cemetery`
--

INSERT INTO `cemetery` (`dep_id`, `departure`, `bus_id`, `dest_id`, `week_day`, `day_off`, `comment`) VALUES
(1, '10:30:00.0000', 4, 13, 0, 1, 'с 1 апреля по 10 ноября'),
(2, '12:30:00.0000', 4, 13, 0, 1, 'с 1 апреля по 10 ноября');

-- --------------------------------------------------------

--
-- Структура таблицы `city_forestry`
--

CREATE TABLE `city_forestry` (
  `dep_id` int(11) NOT NULL,
  `departure` time(4) NOT NULL,
  `bus_id` int(11) NOT NULL,
  `dest_id` int(11) NOT NULL,
  `week_day` tinyint(1) NOT NULL,
  `day_off` tinyint(1) NOT NULL,
  `comment` varchar(25) DEFAULT NULL
) ENGINE=InnoDB DEFAULT CHARSET=utf8 ROW_FORMAT=COMPACT;

--
-- Дамп данных таблицы `city_forestry`
--

INSERT INTO `city_forestry` (`dep_id`, `departure`, `bus_id`, `dest_id`, `week_day`, `day_off`, `comment`) VALUES
(6, '04:13:00.0000', 8, 15, 1, 1, ' '),
(7, '05:23:00.0000', 8, 15, 1, 1, ' '),
(8, '05:58:00.0000', 8, 15, 1, 1, ' '),
(9, '06:28:00.0000', 8, 15, 1, 1, ' '),
(10, '07:38:00.0000', 8, 15, 1, 1, ' '),
(11, '09:58:00.0000', 8, 15, 1, 1, ' '),
(12, '08:43:00.0000', 8, 15, 0, 1, 'по вс'),
(13, '10:33:00.0000', 8, 15, 1, 1, ' '),
(14, '11:38:00.0000', 8, 15, 1, 1, ' '),
(15, '13:18:00.0000', 8, 15, 1, 1, ' '),
(16, '14:28:00.0000', 8, 15, 1, 1, ' '),
(17, '15:13:00.0000', 8, 15, 0, 1, ' '),
(18, '15:23:00.0000', 8, 15, 1, 0, ' '),
(19, '15:53:00.0000', 8, 15, 0, 1, ' '),
(20, '16:03:00.0000', 8, 15, 1, 0, ' '),
(21, '16:33:00.0000', 8, 15, 0, 1, ' '),
(22, '17:58:00.0000', 8, 15, 1, 1, ' '),
(23, '19:03:00.0000', 8, 15, 1, 1, ' '),
(24, '20:03:00.0000', 8, 15, 1, 1, ' '),
(25, '20:58:00.0000', 8, 15, 1, 1, ' '),
(13, '03:50:00.0000', 8, 7, 1, 1, ' '),
(14, '04:57:00.0000', 8, 7, 1, 1, ' '),
(15, '05:32:00.0000', 8, 7, 1, 1, ' '),
(16, '06:02:00.0000', 8, 7, 1, 1, ' '),
(17, '08:07:00.0000', 8, 7, 0, 1, 'по вс'),
(18, '09:27:00.0000', 8, 7, 1, 1, ' '),
(19, '10:02:00.0000', 8, 7, 1, 1, ' '),
(20, '11:07:00.0000', 8, 7, 1, 1, ' '),
(21, '12:47:00.0000', 8, 7, 1, 1, ' '),
(22, '13:57:00.0000', 8, 7, 1, 1, ' '),
(23, '14:42:00.0000', 8, 7, 1, 1, ' '),
(24, '15:22:00.0000', 8, 7, 0, 1, ' '),
(25, '15:37:00.0000', 8, 7, 1, 0, ' '),
(26, '16:05:00.0000', 8, 7, 0, 1, ' '),
(27, '17:07:00.0000', 8, 7, 1, 1, ' '),
(28, '18:32:00.0000', 8, 7, 1, 1, ' '),
(29, '19:07:00.0000', 8, 7, 1, 1, ' '),
(30, '20:22:00.0000', 8, 7, 1, 1, ' '),
(31, '22:07:00.0000', 8, 21, 1, 1, ''),
(87, '15:43:00.0000', 16, 5, 0, 1, ''),
(32, '15:49:00.0000', 16, 1, 0, 1, ' ');

-- --------------------------------------------------------

--
-- Структура таблицы `city_gas`
--

CREATE TABLE `city_gas` (
  `dep_id` int(11) NOT NULL,
  `departure` time(4) NOT NULL,
  `bus_id` int(11) NOT NULL,
  `dest_id` int(11) NOT NULL,
  `week_day` tinyint(1) NOT NULL,
  `day_off` tinyint(1) NOT NULL,
  `comment` varchar(25) DEFAULT NULL
) ENGINE=InnoDB DEFAULT CHARSET=utf8;

--
-- Дамп данных таблицы `city_gas`
--

INSERT INTO `city_gas` (`dep_id`, `departure`, `bus_id`, `dest_id`, `week_day`, `day_off`, `comment`) VALUES
(1, '07:31:00.0000', 5, 1, 1, 0, ' '),
(2, '12:51:00.0000', 5, 1, 1, 0, ' '),
(3, '08:36:00.0000', 5, 20, 1, 0, ''),
(4, '14:01:00.0000', 5, 20, 1, 0, ''),
(5, '17:56:00.0000', 5, 13, 1, 0, ' '),
(5, '17:56:00.0000', 5, 13, 1, 0, ' '),
(9, '12:46:00.0000', 5, 16, 1, 0, ' ');

-- --------------------------------------------------------

--
-- Структура таблицы `east`
--

CREATE TABLE `east` (
  `dep_id` int(11) NOT NULL,
  `departure` time(4) NOT NULL,
  `bus_id` int(11) NOT NULL,
  `dest_id` int(11) NOT NULL,
  `week_day` tinyint(1) NOT NULL,
  `day_off` tinyint(1) NOT NULL,
  `comment` varchar(25) DEFAULT NULL,
  `regular_route` tinyint(1) NOT NULL DEFAULT 1
) ENGINE=InnoDB DEFAULT CHARSET=utf8;

--
-- Дамп данных таблицы `east`
--

INSERT INTO `east` (`dep_id`, `departure`, `bus_id`, `dest_id`, `week_day`, `day_off`, `comment`, `regular_route`) VALUES
(1, '07:50:00.0000', 1, 8, 1, 0, ' ', 1),
(2, '09:30:00.0000', 1, 8, 1, 1, ' ', 1),
(3, '10:30:00.0000', 1, 8, 1, 1, ' ', 1),
(4, '11:30:00.0000', 1, 8, 0, 1, ' ', 1),
(5, '12:50:00.0000', 1, 8, 1, 1, ' ', 1),
(6, '17:30:00.0000', 1, 8, 1, 1, ' ', 1),
(7, '20:10:00.0000', 1, 8, 1, 1, ' ', 1),
(8, '07:25:00.0000', 2, 8, 1, 1, ' ', 1),
(9, '08:15:00.0000', 2, 8, 1, 1, ' ', 1),
(10, '09:00:00.0000', 2, 8, 1, 1, ' ', 1),
(11, '09:20:00.0000', 2, 8, 1, 0, ' ', 1),
(12, '10:00:00.0000', 2, 8, 1, 1, ' ', 1),
(13, '11:00:00.0000', 2, 8, 1, 1, ' ', 1),
(14, '11:40:00.0000', 2, 8, 1, 0, ' ', 1),
(15, '12:40:00.0000', 2, 8, 1, 0, ' ', 1),
(16, '13:30:00.0000', 2, 8, 1, 1, ' ', 1),
(17, '13:50:00.0000', 2, 8, 1, 0, ' ', 1),
(18, '14:30:00.0000', 2, 8, 1, 1, ' ', 1),
(19, '15:30:00.0000', 2, 8, 1, 1, ' ', 1),
(20, '15:45:00.0000', 2, 8, 1, 0, ' ', 1),
(21, '16:30:00.0000', 2, 8, 1, 1, ' ', 1),
(22, '16:50:00.0000', 2, 8, 1, 0, ' ', 1),
(23, '17:55:00.0000', 2, 8, 1, 1, ' ', 1),
(24, '05:40:00.0000', 3, 15, 1, 1, ' ', 1),
(25, '07:35:00.0000', 3, 15, 1, 1, ' ', 1),
(26, '08:20:00.0000', 3, 15, 1, 1, ' ', 1),
(27, '09:50:00.0000', 3, 15, 1, 1, ' ', 1),
(28, '10:35:00.0000', 3, 15, 1, 1, ' ', 1),
(29, '11:35:00.0000', 3, 15, 1, 1, ' ', 1),
(30, '12:45:00.0000', 3, 15, 1, 1, ' ', 1),
(31, '17:35:00.0000', 3, 15, 1, 1, ' ', 1),
(32, '19:20:00.0000', 3, 15, 1, 1, 'через ул. Каминского', 0),
(33, '08:00:00.0000', 5, 16, 1, 0, ' ', 1),
(34, '13:30:00.0000', 5, 16, 1, 0, ' ', 1),
(35, '17:30:00.0000', 5, 16, 1, 0, ' ', 1),
(36, '12:45:00.0000', 6, 13, 1, 1, ' ', 1),
(37, '13:45:00.0000', 6, 13, 0, 1, ' ', 1),
(38, '06:35:00.0000', 7, 10, 1, 0, ' ', 1),
(39, '07:55:00.0000', 7, 10, 1, 0, ' ', 1),
(40, '08:25:00.0000', 7, 10, 1, 1, ' ', 1),
(41, '12:30:00.0000', 7, 10, 1, 1, ' ', 1),
(42, '14:00:00.0000', 7, 10, 1, 1, ' ', 1),
(43, '15:05:00.0000', 7, 10, 1, 0, ' ', 1),
(44, '16:05:00.0000', 7, 10, 1, 0, ' ', 1),
(45, '18:05:00.0000', 7, 10, 1, 1, ' ', 1),
(46, '19:05:00.0000', 7, 10, 1, 1, ' ', 1),
(47, '06:35:00.0000', 13, 12, 1, 0, ' ', 1),
(48, '07:10:00.0000', 13, 12, 1, 1, ' ', 1),
(49, '17:05:00.0000', 14, 11, 1, 0, ' ', 1),
(50, '11:30:00.0000', 15, 19, 1, 0, ' ', 1),
(51, '15:05:00.0000', 16, 7, 0, 1, ' ', 1),
(52, '16:05:00.0000', 16, 7, 0, 1, ' ', 1),
(53, '21:20:00.0000', 17, 9, 1, 1, '', 1),
(54, '07:20:00.0000', 18, 10, 1, 0, ' ', 1),
(55, '16:15:00.0000', 18, 22, 1, 0, '', 0),
(56, '22:20:00.0000', 8, 7, 1, 1, ' ', 1),
(57, '23:30:00.0000', 8, 7, 1, 1, ' ', 1),
(58, '07:50:00.0000', 9, 9, 1, 1, ' ', 1),
(59, '09:30:00.0000', 9, 9, 1, 1, ' ', 1),
(60, '14:40:00.0000', 9, 9, 1, 0, ' ', 1),
(61, '04:15:00.0000', 10, 17, 1, 1, ' ', 1),
(62, '05:15:00.0000', 10, 17, 1, 1, ' ', 1),
(63, '06:00:00.0000', 10, 17, 1, 1, ' ', 1),
(64, '06:40:00.0000', 10, 17, 1, 1, ' ', 1),
(65, '07:30:00.0000', 10, 17, 1, 0, ' ', 1),
(66, '07:35:00.0000', 10, 17, 0, 1, ' ', 1),
(67, '12:20:00.0000', 10, 17, 1, 0, ' ', 1),
(68, '13:45:00.0000', 10, 17, 1, 0, ' ', 1),
(69, '17:35:00.0000', 10, 17, 1, 0, ' ', 1),
(70, '19:30:00.0000', 10, 17, 1, 1, ' ', 1),
(71, '20:35:00.0000', 10, 17, 1, 1, ' ', 1),
(72, '21:30:00.0000', 10, 17, 1, 1, ' ', 1),
(74, '08:35:00.0000', 11, 8, 1, 0, ' ', 1),
(75, '09:45:00.0000', 11, 8, 1, 0, ' ', 1),
(76, '10:20:00.0000', 11, 8, 1, 1, ' ', 1),
(77, '10:50:00.0000', 11, 8, 1, 0, ' ', 1),
(78, '11:20:00.0000', 11, 8, 1, 1, ' ', 1),
(79, '11:50:00.0000', 11, 8, 1, 0, ' ', 1),
(80, '12:20:00.0000', 11, 8, 1, 1, ' ', 1),
(81, '13:10:00.0000', 11, 8, 1, 1, ' ', 1),
(82, '14:10:00.0000', 11, 8, 1, 1, ' ', 1),
(83, '15:10:00.0000', 11, 8, 1, 1, ' ', 1),
(84, '16:10:00.0000', 11, 8, 1, 1, ' ', 1),
(85, '17:20:00.0000', 11, 8, 1, 1, ' ', 1),
(86, '18:30:00.0000', 11, 8, 1, 1, ' ', 1),
(87, '19:30:00.0000', 11, 8, 1, 1, ' ', 1),
(88, '20:40:00.0000', 11, 7, 1, 1, '', 0),
(178, '10:15:00.0000', 4, 14, 0, 1, 'с 1 апреля по 10 ноября', 1),
(179, '12:15:00.0000', 4, 14, 0, 1, 'с 1 апреля по 10 ноября', 1),
(180, '07:35:00.0000', 12, 17, 1, 1, 'кроме вс', 1),
(181, '17:40:00.0000', 12, 17, 1, 0, ' ', 1),
(182, '17:20:00.0000', 12, 18, 1, 0, ' ', 1);

-- --------------------------------------------------------

--
-- Структура таблицы `electricity`
--

CREATE TABLE `electricity` (
  `dep_id` int(11) NOT NULL,
  `departure` time(4) NOT NULL,
  `bus_id` int(11) NOT NULL,
  `dest_id` int(11) NOT NULL,
  `week_day` tinyint(1) NOT NULL,
  `day_off` tinyint(1) NOT NULL,
  `comment` varchar(25) DEFAULT NULL
) ENGINE=InnoDB DEFAULT CHARSET=utf8;

--
-- Дамп данных таблицы `electricity`
--

INSERT INTO `electricity` (`dep_id`, `departure`, `bus_id`, `dest_id`, `week_day`, `day_off`, `comment`) VALUES
(47, '10:23:00.0000', 1, 1, 1, 1, ' '),
(48, '11:23:00.0000', 1, 1, 1, 1, ' '),
(49, '12:23:00.0000', 1, 1, 0, 1, ' '),
(50, '14:08:00.0000', 1, 1, 1, 1, ' '),
(51, '18:23:00.0000', 1, 1, 1, 1, ' '),
(1, '07:42:00.0000', 1, 8, 1, 0, ' '),
(2, '09:32:00.0000', 1, 8, 1, 1, ' '),
(3, '10:32:00.0000', 1, 8, 1, 1, ' '),
(4, '11:32:00.0000', 1, 8, 0, 1, ' '),
(5, '12:52:00.0000', 1, 8, 1, 1, ' '),
(6, '17:32:00.0000', 1, 8, 1, 1, ' '),
(7, '20:12:00.0000', 1, 8, 1, 1, ' '),
(57, '08:39:00.0000', 2, 1, 1, 0, ' '),
(58, '08:54:00.0000', 2, 1, 0, 1, ' '),
(59, '09:10:00.0000', 2, 1, 1, 0, ' '),
(60, '09:49:00.0000', 2, 1, 1, 1, ' '),
(61, '10:09:00.0000', 2, 1, 1, 0, ' '),
(62, '10:54:00.0000', 2, 1, 1, 1, ' '),
(63, '11:54:00.0000', 2, 1, 1, 1, ' '),
(64, '12:34:00.0000', 2, 1, 1, 0, ' '),
(65, '13:29:00.0000', 2, 1, 1, 0, ' '),
(66, '14:24:00.0000', 2, 1, 1, 1, ' '),
(67, '14:39:00.0000', 2, 1, 1, 0, ' '),
(68, '15:24:00.0000', 2, 1, 1, 1, ' '),
(69, '16:09:00.0000', 2, 1, 1, 0, ' '),
(70, '16:24:00.0000', 2, 1, 1, 1, ' '),
(71, '16:39:00.0000', 2, 1, 1, 0, ' '),
(72, '17:24:00.0000', 2, 1, 1, 1, ' '),
(73, '17:44:00.0000', 2, 1, 1, 0, ' '),
(8, '07:27:00.0000', 2, 8, 1, 1, ' '),
(9, '08:17:00.0000', 2, 8, 1, 1, ' '),
(10, '09:02:00.0000', 2, 8, 1, 1, ' '),
(11, '09:22:00.0000', 2, 8, 1, 0, ' '),
(12, '10:02:00.0000', 2, 8, 1, 1, ' '),
(13, '11:02:00.0000', 2, 8, 1, 1, ' '),
(14, '11:42:00.0000', 2, 8, 1, 0, ' '),
(15, '12:42:00.0000', 2, 8, 1, 0, ' '),
(16, '13:32:00.0000', 2, 8, 1, 1, ' '),
(17, '13:52:00.0000', 2, 8, 1, 0, ' '),
(18, '14:32:00.0000', 2, 8, 1, 1, ' '),
(19, '15:32:00.0000', 2, 8, 1, 1, ' '),
(20, '15:47:00.0000', 2, 8, 1, 0, ' '),
(21, '16:32:00.0000', 2, 8, 1, 1, ' '),
(22, '16:52:00.0000', 2, 8, 1, 0, ' '),
(23, '17:57:00.0000', 2, 8, 1, 1, ' '),
(1, '05:38:00.0000', 3, 1, 1, 1, ' '),
(2, '07:03:00.0000', 3, 1, 1, 1, ' '),
(3, '07:33:00.0000', 3, 1, 1, 1, ' '),
(4, '08:18:00.0000', 3, 1, 1, 1, ' '),
(5, '09:48:00.0000', 3, 1, 1, 1, ' '),
(6, '10:33:00.0000', 3, 1, 1, 1, ' '),
(7, '11:33:00.0000', 3, 1, 1, 1, ' '),
(8, '12:43:00.0000', 3, 1, 1, 1, ' '),
(9, '13:53:00.0000', 3, 1, 1, 1, ' '),
(10, '17:33:00.0000', 3, 1, 1, 1, ' '),
(11, '18:28:00.0000', 3, 1, 1, 1, ' '),
(24, '05:42:00.0000', 3, 15, 1, 1, ' '),
(25, '07:37:00.0000', 3, 15, 1, 1, ' '),
(26, '08:22:00.0000', 3, 15, 1, 1, ' '),
(27, '09:52:00.0000', 3, 15, 1, 1, ' '),
(28, '10:37:00.0000', 3, 15, 1, 1, ' '),
(29, '11:37:00.0000', 3, 15, 1, 1, ' '),
(30, '12:47:00.0000', 3, 15, 1, 1, ' '),
(31, '17:37:00.0000', 3, 15, 1, 1, ' '),
(32, '19:22:00.0000', 3, 15, 1, 1, 'через ул. Каминского'),
(1, '07:53:00.0000', 5, 1, 1, 0, ' '),
(2, '13:13:00.0000', 5, 1, 1, 0, ' '),
(3, '08:54:00.0000', 5, 20, 1, 0, ''),
(4, '14:19:00.0000', 5, 20, 1, 0, ''),
(10, '12:11:00.0000', 6, 1, 1, 1, ' '),
(11, '13:31:00.0000', 6, 1, 0, 1, ' '),
(36, '12:47:00.0000', 6, 13, 1, 1, ' '),
(37, '13:47:00.0000', 6, 13, 0, 1, ' '),
(38, '06:37:00.0000', 7, 10, 1, 0, ' '),
(39, '07:47:00.0000', 7, 10, 1, 0, ' '),
(40, '08:27:00.0000', 7, 10, 1, 1, ' '),
(41, '12:32:00.0000', 7, 10, 1, 1, ' '),
(42, '14:02:00.0000', 7, 10, 1, 1, ' '),
(43, '15:07:00.0000', 7, 10, 1, 0, ' '),
(44, '16:07:00.0000', 7, 10, 1, 0, ' '),
(45, '18:07:00.0000', 7, 10, 1, 1, ' '),
(46, '19:07:00.0000', 7, 10, 1, 1, ' '),
(1, '13:23:00.0000', 7, 1, 0, 1, ' '),
(2, '14:58:00.0000', 7, 1, 1, 1, ' '),
(3, '15:58:00.0000', 7, 1, 1, 0, ' '),
(4, '16:58:00.0000', 7, 1, 1, 0, ' '),
(5, '18:08:00.0000', 7, 1, 1, 0, ' '),
(6, '18:58:00.0000', 7, 1, 1, 1, ' '),
(7, '19:58:00.0000', 7, 1, 1, 1, ' '),
(14, '06:33:00.0000', 7, 1, 1, 0, ' '),
(16, '10:23:00.0000', 7, 1, 0, 1, ' '),
(31, '22:15:00.0000', 8, 21, 1, 1, ''),
(56, '22:26:00.0000', 8, 7, 1, 1, ' '),
(57, '23:36:00.0000', 8, 7, 1, 1, ' '),
(2, '05:11:00.0000', 10, 1, 1, 1, ' '),
(3, '05:56:00.0000', 10, 1, 1, 1, ' '),
(4, '06:36:00.0000', 10, 1, 1, 1, ' '),
(5, '07:16:00.0000', 10, 1, 1, 0, ' '),
(6, '07:26:00.0000', 10, 1, 0, 1, ' '),
(7, '12:01:00.0000', 10, 1, 1, 0, ' '),
(8, '13:16:00.0000', 10, 1, 1, 0, ' '),
(9, '17:31:00.0000', 10, 1, 1, 0, ' '),
(10, '19:26:00.0000', 10, 1, 1, 1, ' '),
(11, '20:31:00.0000', 10, 1, 1, 1, ' '),
(12, '21:26:00.0000', 10, 1, 1, 1, ' '),
(13, '23:26:00.0000', 10, 1, 1, 1, ' '),
(61, '04:18:00.0000', 10, 17, 1, 1, ' '),
(62, '05:18:00.0000', 10, 17, 1, 1, ' '),
(63, '06:03:00.0000', 10, 17, 1, 1, ' '),
(64, '06:43:00.0000', 10, 17, 1, 1, ' '),
(65, '07:33:00.0000', 10, 17, 1, 0, ' '),
(66, '07:38:00.0000', 10, 17, 0, 1, ' '),
(67, '12:23:00.0000', 10, 17, 1, 0, ' '),
(68, '13:48:00.0000', 10, 17, 1, 0, ' '),
(69, '17:38:00.0000', 10, 17, 1, 0, ' '),
(70, '19:33:00.0000', 10, 17, 1, 1, ' '),
(71, '20:38:00.0000', 10, 17, 1, 1, ' '),
(72, '21:33:00.0000', 10, 17, 1, 1, ' '),
(1, '07:33:00.0000', 12, 17, 1, 1, 'кроме вс'),
(2, '17:38:00.0000', 12, 17, 1, 0, ' '),
(14, '17:22:00.0000', 12, 18, 1, 0, ' '),
(47, '06:37:00.0000', 13, 12, 1, 0, ' '),
(48, '07:12:00.0000', 13, 12, 1, 1, ' '),
(73, '07:33:00.0000', 13, 1, 1, 0, ' '),
(74, '07:48:00.0000', 13, 1, 1, 0, ' '),
(75, '13:23:00.0000', 13, 1, 1, 0, ' '),
(76, '16:58:00.0000', 13, 1, 1, 0, ' '),
(77, '17:23:00.0000', 13, 1, 1, 0, ' '),
(49, '17:07:00.0000', 14, 11, 1, 0, ' '),
(52, '07:43:00.0000', 14, 1, 1, 0, ' '),
(53, '08:16:00.0000', 14, 1, 1, 1, ' '),
(54, '08:46:00.0000', 14, 1, 1, 0, ' '),
(55, '09:26:00.0000', 14, 1, 1, 1, ' '),
(56, '12:36:00.0000', 14, 1, 1, 0, ' '),
(50, '11:32:00.0000', 15, 19, 1, 0, ' '),
(51, '15:07:00.0000', 16, 7, 0, 1, ' '),
(52, '16:07:00.0000', 16, 7, 0, 1, ' '),
(84, '06:49:00.0000', 16, 1, 1, 0, ' '),
(85, '06:59:00.0000', 16, 1, 0, 1, ' '),
(86, '08:44:00.0000', 16, 1, 1, 0, ' '),
(88, '16:49:00.0000', 16, 1, 0, 1, ' '),
(89, '20:54:00.0000', 16, 1, 1, 1, ' '),
(32, '15:56:00.0000', 16, 1, 0, 1, ' '),
(70, '21:56:00.0000', 17, 1, 1, 1, ' '),
(53, '21:22:00.0000', 17, 9, 1, 1, ''),
(26, '22:59:00.0000', 8, 1, 1, 1, ' ');

-- --------------------------------------------------------

--
-- Структура таблицы `evroopt`
--

CREATE TABLE `evroopt` (
  `dep_id` int(11) NOT NULL,
  `departure` time(4) NOT NULL,
  `bus_id` int(11) NOT NULL,
  `dest_id` int(11) NOT NULL,
  `week_day` tinyint(1) NOT NULL,
  `day_off` tinyint(1) NOT NULL,
  `comment` varchar(25) DEFAULT NULL
) ENGINE=InnoDB DEFAULT CHARSET=utf8;

--
-- Дамп данных таблицы `evroopt`
--

INSERT INTO `evroopt` (`dep_id`, `departure`, `bus_id`, `dest_id`, `week_day`, `day_off`, `comment`) VALUES
(74, '08:37:00.0000', 11, 8, 1, 0, ' '),
(75, '09:47:00.0000', 11, 8, 1, 0, ' '),
(76, '10:22:00.0000', 11, 8, 1, 1, ' '),
(77, '10:52:00.0000', 11, 8, 1, 0, ' '),
(78, '11:22:00.0000', 11, 8, 1, 1, ' '),
(79, '11:52:00.0000', 11, 8, 1, 0, ' '),
(80, '12:22:00.0000', 11, 8, 1, 1, ' '),
(81, '13:12:00.0000', 11, 8, 1, 1, ' '),
(82, '14:12:00.0000', 11, 8, 1, 1, ' '),
(83, '15:12:00.0000', 11, 8, 1, 1, ' '),
(84, '16:12:00.0000', 11, 8, 1, 1, ' '),
(85, '17:22:00.0000', 11, 8, 1, 1, ' '),
(86, '18:32:00.0000', 11, 8, 1, 1, ' '),
(87, '19:32:00.0000', 11, 8, 1, 1, ' '),
(74, '07:58:00.0000', 11, 1, 1, 1, ' '),
(75, '09:43:00.0000', 11, 1, 1, 0, ' '),
(76, '10:19:00.0000', 11, 1, 1, 1, ' '),
(77, '10:43:00.0000', 11, 1, 1, 0, ' '),
(78, '11:18:00.0000', 11, 1, 1, 1, ' '),
(79, '11:48:00.0000', 11, 1, 1, 0, ' '),
(80, '12:18:00.0000', 11, 1, 1, 1, ' '),
(81, '12:53:00.0000', 11, 1, 1, 0, ' '),
(82, '13:18:00.0000', 11, 1, 1, 1, ' '),
(83, '14:08:00.0000', 11, 1, 1, 1, ' '),
(84, '15:08:00.0000', 11, 1, 1, 1, ' '),
(85, '16:08:00.0000', 11, 1, 1, 1, ' '),
(86, '17:18:00.0000', 11, 1, 1, 1, ' '),
(87, '18:18:00.0000', 11, 1, 1, 1, ' '),
(88, '19:28:00.0000', 11, 1, 1, 1, ' '),
(89, '20:28:00.0000', 11, 1, 1, 1, ' '),
(69, '21:17:00.0000', 11, 1, 1, 1, ''),
(88, '20:42:00.0000', 11, 7, 1, 1, '');

-- --------------------------------------------------------

--
-- Структура таблицы `field`
--

CREATE TABLE `field` (
  `dep_id` int(11) NOT NULL,
  `departure` time(4) NOT NULL,
  `bus_id` int(11) NOT NULL,
  `dest_id` int(11) NOT NULL,
  `week_day` tinyint(1) NOT NULL,
  `day_off` tinyint(1) NOT NULL,
  `comment` varchar(25) DEFAULT NULL,
  `regular_route` tinyint(1) NOT NULL DEFAULT 1
) ENGINE=InnoDB DEFAULT CHARSET=utf8;

--
-- Дамп данных таблицы `field`
--

INSERT INTO `field` (`dep_id`, `departure`, `bus_id`, `dest_id`, `week_day`, `day_off`, `comment`, `regular_route`) VALUES
(1, '07:25:00.0000', 12, 17, 1, 1, 'кроме вс', 1),
(2, '17:30:00.0000', 12, 17, 1, 0, ' ', 1);

-- --------------------------------------------------------

--
-- Структура таблицы `forestry`
--

CREATE TABLE `forestry` (
  `dep_id` int(11) NOT NULL,
  `departure` time(4) NOT NULL,
  `bus_id` int(11) NOT NULL,
  `dest_id` int(11) NOT NULL,
  `week_day` tinyint(1) NOT NULL,
  `day_off` tinyint(1) NOT NULL,
  `comment` varchar(35) DEFAULT NULL
) ENGINE=InnoDB DEFAULT CHARSET=utf8;

--
-- Дамп данных таблицы `forestry`
--

INSERT INTO `forestry` (`dep_id`, `departure`, `bus_id`, `dest_id`, `week_day`, `day_off`, `comment`) VALUES
(1, '05:30:00.0000', 3, 1, 1, 1, ' '),
(2, '06:55:00.0000', 3, 15, 1, 1, ' '),
(3, '07:25:00.0000', 3, 1, 1, 1, ' '),
(4, '08:10:00.0000', 3, 1, 1, 1, ' '),
(5, '09:40:00.0000', 3, 1, 1, 1, ' '),
(6, '10:25:00.0000', 3, 1, 1, 1, ' '),
(7, '11:25:00.0000', 3, 1, 1, 1, ' '),
(8, '12:35:00.0000', 3, 1, 1, 1, ' '),
(9, '13:45:00.0000', 3, 15, 1, 1, ' '),
(10, '17:25:00.0000', 3, 1, 1, 1, ' '),
(11, '18:20:00.0000', 3, 15, 1, 1, ' '),
(12, '19:30:00.0000', 3, 15, 1, 1, ' '),
(13, '10:32:00.0000', 4, 13, 0, 1, 'с 1 апреля по 10 ноября'),
(14, '12:32:00.0000', 4, 13, 0, 1, 'с 1 апреля по 10 ноября');

-- --------------------------------------------------------

--
-- Структура таблицы `gagarina_st`
--

CREATE TABLE `gagarina_st` (
  `dep_id` int(11) NOT NULL,
  `departure` time(4) NOT NULL,
  `bus_id` int(11) NOT NULL,
  `dest_id` int(11) NOT NULL,
  `week_day` tinyint(1) NOT NULL,
  `day_off` tinyint(1) NOT NULL,
  `comment` varchar(25) DEFAULT NULL
) ENGINE=InnoDB DEFAULT CHARSET=utf8;

--
-- Дамп данных таблицы `gagarina_st`
--

INSERT INTO `gagarina_st` (`dep_id`, `departure`, `bus_id`, `dest_id`, `week_day`, `day_off`, `comment`) VALUES
(3, '08:40:00.0000', 5, 20, 1, 0, ''),
(4, '14:05:00.0000', 5, 20, 1, 0, ''),
(5, '18:00:00.0000', 5, 13, 1, 0, ' ');

-- --------------------------------------------------------

--
-- Структура таблицы `gas_station`
--

CREATE TABLE `gas_station` (
  `dep_id` int(11) NOT NULL,
  `departure` time(4) NOT NULL,
  `bus_id` int(11) NOT NULL,
  `dest_id` int(11) NOT NULL,
  `week_day` tinyint(1) NOT NULL,
  `day_off` tinyint(1) NOT NULL,
  `comment` varchar(25) DEFAULT NULL
) ENGINE=InnoDB DEFAULT CHARSET=utf8;

--
-- Дамп данных таблицы `gas_station`
--

INSERT INTO `gas_station` (`dep_id`, `departure`, `bus_id`, `dest_id`, `week_day`, `day_off`, `comment`) VALUES
(2, '04:56:00.0000', 10, 1, 1, 1, ' '),
(3, '05:41:00.0000', 10, 1, 1, 1, ' '),
(4, '06:21:00.0000', 10, 1, 1, 1, ' '),
(5, '07:01:00.0000', 10, 1, 1, 0, ' '),
(6, '07:11:00.0000', 10, 1, 0, 1, ' '),
(7, '11:46:00.0000', 10, 1, 1, 0, ' '),
(8, '13:01:00.0000', 10, 1, 1, 0, ' '),
(9, '17:16:00.0000', 10, 1, 1, 0, ' '),
(10, '19:11:00.0000', 10, 1, 1, 1, ' '),
(11, '20:16:00.0000', 10, 1, 1, 1, ' '),
(12, '21:11:00.0000', 10, 1, 1, 1, ' '),
(13, '23:11:00.0000', 10, 1, 1, 1, ' '),
(61, '04:35:00.0000', 10, 17, 1, 1, ' '),
(62, '05:35:00.0000', 10, 17, 1, 1, ' '),
(63, '06:20:00.0000', 10, 17, 1, 1, ' '),
(64, '07:00:00.0000', 10, 17, 1, 1, ' '),
(65, '07:50:00.0000', 10, 17, 1, 0, ' '),
(66, '07:55:00.0000', 10, 17, 0, 1, ' '),
(67, '12:40:00.0000', 10, 17, 1, 0, ' '),
(68, '14:05:00.0000', 10, 17, 1, 0, ' '),
(69, '17:55:00.0000', 10, 17, 1, 0, ' '),
(70, '19:50:00.0000', 10, 17, 1, 1, ' '),
(71, '20:55:00.0000', 10, 17, 1, 1, ' '),
(72, '21:50:00.0000', 10, 17, 1, 1, ' ');

-- --------------------------------------------------------

--
-- Структура таблицы `green_meadow`
--

CREATE TABLE `green_meadow` (
  `dep_id` int(11) NOT NULL,
  `departure` time(4) NOT NULL,
  `bus_id` int(11) NOT NULL,
  `dest_id` int(11) NOT NULL,
  `week_day` tinyint(1) NOT NULL,
  `day_off` tinyint(1) NOT NULL,
  `comment` varchar(25) DEFAULT NULL
) ENGINE=InnoDB DEFAULT CHARSET=utf8;

--
-- Дамп данных таблицы `green_meadow`
--

INSERT INTO `green_meadow` (`dep_id`, `departure`, `bus_id`, `dest_id`, `week_day`, `day_off`, `comment`) VALUES
(1, '05:28:00.0000', 3, 6, 1, 1, ' '),
(2, '06:53:00.0000', 3, 6, 1, 1, ' '),
(3, '07:23:00.0000', 3, 6, 1, 1, ' '),
(4, '08:08:00.0000', 3, 6, 1, 1, ' '),
(5, '09:38:00.0000', 3, 6, 1, 1, ' '),
(6, '10:23:00.0000', 3, 6, 1, 1, ' '),
(7, '11:23:00.0000', 3, 6, 1, 1, ' '),
(8, '12:33:00.0000', 3, 6, 1, 1, ' '),
(9, '13:18:00.0000', 3, 6, 1, 1, ' '),
(10, '17:18:00.0000', 3, 6, 1, 1, ' '),
(11, '18:13:00.0000', 3, 6, 1, 1, ' '),
(12, '19:23:00.0000', 3, 6, 1, 1, ' '),
(1, '05:32:00.0000', 3, 1, 1, 1, ' '),
(2, '06:57:00.0000', 3, 1, 1, 1, ' '),
(3, '07:27:00.0000', 3, 1, 1, 1, ' '),
(4, '08:12:00.0000', 3, 1, 1, 1, ' '),
(5, '09:42:00.0000', 3, 1, 1, 1, ' '),
(6, '10:27:00.0000', 3, 1, 1, 1, ' '),
(7, '11:27:00.0000', 3, 1, 1, 1, ' '),
(8, '12:37:00.0000', 3, 1, 1, 1, ' '),
(9, '13:47:00.0000', 3, 1, 1, 1, ' '),
(10, '17:27:00.0000', 3, 1, 1, 1, ' '),
(11, '18:22:00.0000', 3, 1, 1, 1, ' ');

-- --------------------------------------------------------

--
-- Структура таблицы `hales`
--

CREATE TABLE `hales` (
  `dep_id` int(11) NOT NULL,
  `departure` time(4) NOT NULL,
  `bus_id` int(11) NOT NULL,
  `dest_id` int(11) NOT NULL,
  `week_day` tinyint(1) NOT NULL,
  `day_off` tinyint(1) NOT NULL,
  `comment` varchar(25) DEFAULT NULL
) ENGINE=InnoDB DEFAULT CHARSET=utf8;

--
-- Дамп данных таблицы `hales`
--

INSERT INTO `hales` (`dep_id`, `departure`, `bus_id`, `dest_id`, `week_day`, `day_off`, `comment`) VALUES
(1, '07:52:00.0000', 12, 17, 1, 1, 'кроме вс'),
(2, '17:57:00.0000', 12, 17, 1, 0, ' '),
(14, '17:06:00.0000', 12, 18, 1, 0, ' ');

-- --------------------------------------------------------

--
-- Структура таблицы `hcs`
--

CREATE TABLE `hcs` (
  `dep_id` int(11) NOT NULL,
  `departure` time(4) NOT NULL,
  `bus_id` int(11) NOT NULL,
  `dest_id` int(11) NOT NULL,
  `week_day` tinyint(1) NOT NULL,
  `day_off` tinyint(1) NOT NULL,
  `comment` varchar(25) DEFAULT NULL
) ENGINE=InnoDB DEFAULT CHARSET=utf8;

--
-- Дамп данных таблицы `hcs`
--

INSERT INTO `hcs` (`dep_id`, `departure`, `bus_id`, `dest_id`, `week_day`, `day_off`, `comment`) VALUES
(1, '07:50:00.0000', 12, 17, 1, 1, 'кроме вс'),
(2, '17:55:00.0000', 12, 17, 1, 0, ' '),
(14, '17:07:00.0000', 12, 18, 1, 0, ' ');

-- --------------------------------------------------------

--
-- Структура таблицы `hospital`
--

CREATE TABLE `hospital` (
  `dep_id` int(11) NOT NULL,
  `departure` time(4) NOT NULL,
  `bus_id` int(11) NOT NULL,
  `dest_id` int(11) NOT NULL,
  `week_day` tinyint(1) NOT NULL,
  `day_off` tinyint(1) NOT NULL,
  `comment` varchar(25) DEFAULT NULL,
  `regular_route` tinyint(1) NOT NULL DEFAULT 1
) ENGINE=InnoDB DEFAULT CHARSET=utf8;

--
-- Дамп данных таблицы `hospital`
--

INSERT INTO `hospital` (`dep_id`, `departure`, `bus_id`, `dest_id`, `week_day`, `day_off`, `comment`, `regular_route`) VALUES
(1, '07:50:00.0000', 1, 7, 1, 0, ' ', 1),
(2, '09:40:00.0000', 1, 7, 1, 1, ' ', 1),
(3, '10:40:00.0000', 1, 7, 1, 1, ' ', 1),
(4, '11:40:00.0000', 1, 7, 0, 1, ' ', 1),
(5, '13:00:00.0000', 1, 7, 1, 1, ' ', 1),
(6, '17:40:00.0000', 1, 7, 1, 1, ' ', 1),
(7, '20:20:00.0000', 1, 7, 1, 1, ' ', 1),
(8, '07:31:00.0000', 2, 7, 1, 1, ' ', 1),
(9, '08:21:00.0000', 2, 7, 1, 0, ' ', 1),
(10, '08:22:00.0000', 2, 7, 0, 1, ' ', 1),
(11, '09:06:00.0000', 2, 7, 1, 0, ' ', 1),
(12, '09:07:00.0000', 2, 7, 0, 1, ' ', 1),
(13, '09:26:00.0000', 2, 7, 1, 0, ' ', 1),
(14, '10:06:00.0000', 2, 7, 1, 0, ' ', 1),
(15, '10:07:00.0000', 2, 7, 0, 1, ' ', 1),
(16, '11:06:00.0000', 2, 7, 1, 0, ' ', 1),
(17, '11:07:00.0000', 2, 7, 0, 1, ' ', 1),
(18, '11:46:00.0000', 2, 7, 1, 0, ' ', 1),
(19, '12:46:00.0000', 2, 7, 1, 0, ' ', 1),
(20, '13:37:00.0000', 2, 7, 1, 1, ' ', 1),
(21, '13:56:00.0000', 2, 7, 1, 0, ' ', 1),
(22, '14:36:00.0000', 2, 7, 1, 0, ' ', 1),
(23, '14:37:00.0000', 2, 7, 0, 1, ' ', 1),
(24, '15:36:00.0000', 2, 7, 1, 0, ' ', 1),
(25, '15:37:00.0000', 2, 7, 0, 1, ' ', 1),
(26, '15:51:00.0000', 2, 7, 1, 0, ' ', 1),
(27, '16:36:00.0000', 2, 7, 1, 0, ' ', 1),
(28, '16:37:00.0000', 2, 7, 0, 1, ' ', 1),
(29, '16:56:00.0000', 2, 7, 1, 0, ' ', 1),
(30, '18:01:00.0000', 2, 7, 1, 1, ' ', 1),
(31, '08:48:00.0000', 11, 7, 1, 0, ' ', 1),
(32, '09:58:00.0000', 11, 7, 1, 0, ' ', 1),
(33, '10:33:00.0000', 11, 7, 1, 1, ' ', 1),
(34, '11:03:00.0000', 11, 7, 1, 0, ' ', 1),
(35, '11:33:00.0000', 11, 7, 1, 1, ' ', 1),
(36, '12:03:00.0000', 11, 7, 1, 0, ' ', 1),
(37, '12:33:00.0000', 11, 7, 1, 1, ' ', 1),
(38, '13:23:00.0000', 11, 7, 1, 1, ' ', 1),
(39, '14:23:00.0000', 11, 7, 1, 1, ' ', 1),
(40, '15:23:00.0000', 11, 7, 1, 1, ' ', 1),
(41, '16:23:00.0000', 11, 7, 1, 1, ' ', 1),
(42, '17:33:00.0000', 11, 7, 1, 1, ' ', 1),
(43, '18:43:00.0000', 11, 7, 1, 1, ' ', 1),
(44, '19:43:00.0000', 11, 7, 1, 1, ' ', 1),
(45, '17:15:00.0000', 14, 12, 1, 0, ' ', 1),
(46, '11:40:00.0000', 15, 10, 1, 0, ' ', 1),
(47, '10:17:00.0000', 1, 1, 1, 1, ' ', 1),
(48, '11:17:00.0000', 1, 1, 1, 1, ' ', 1),
(49, '12:17:00.0000', 1, 1, 0, 1, ' ', 1),
(50, '14:02:00.0000', 1, 1, 1, 1, ' ', 1),
(51, '18:17:00.0000', 1, 1, 1, 1, ' ', 1),
(52, '07:37:00.0000', 14, 1, 1, 0, ' ', 1),
(53, '08:10:00.0000', 14, 1, 1, 1, ' ', 1),
(54, '08:40:00.0000', 14, 1, 1, 0, ' ', 1),
(55, '09:20:00.0000', 14, 1, 1, 1, ' ', 1),
(56, '12:30:00.0000', 14, 1, 1, 0, ' ', 1),
(57, '08:33:00.0000', 2, 1, 1, 0, ' ', 1),
(58, '08:48:00.0000', 2, 1, 0, 1, ' ', 1),
(59, '09:04:00.0000', 2, 1, 1, 0, ' ', 1),
(60, '09:43:00.0000', 2, 1, 1, 1, ' ', 1),
(61, '10:03:00.0000', 2, 1, 1, 0, ' ', 1),
(62, '10:48:00.0000', 2, 1, 1, 1, ' ', 1),
(63, '11:48:00.0000', 2, 1, 1, 1, ' ', 1),
(64, '12:28:00.0000', 2, 1, 1, 0, ' ', 1),
(65, '13:23:00.0000', 2, 1, 1, 0, ' ', 1),
(66, '14:18:00.0000', 2, 1, 1, 1, ' ', 1),
(67, '14:33:00.0000', 2, 1, 1, 0, ' ', 1),
(68, '15:18:00.0000', 2, 1, 1, 1, ' ', 1),
(69, '16:03:00.0000', 2, 1, 1, 0, ' ', 1),
(70, '16:18:00.0000', 2, 1, 1, 1, ' ', 1),
(71, '16:33:00.0000', 2, 1, 1, 0, ' ', 1),
(72, '17:18:00.0000', 2, 1, 1, 1, ' ', 1),
(73, '17:38:00.0000', 2, 1, 1, 0, ' ', 1),
(74, '07:49:00.0000', 11, 1, 1, 1, ' ', 1),
(75, '09:34:00.0000', 11, 1, 1, 0, ' ', 1),
(76, '10:10:00.0000', 11, 1, 1, 1, ' ', 1),
(77, '10:34:00.0000', 11, 1, 1, 0, ' ', 1),
(78, '11:09:00.0000', 11, 1, 1, 1, ' ', 1),
(79, '11:39:00.0000', 11, 1, 1, 0, ' ', 1),
(80, '12:09:00.0000', 11, 1, 1, 1, ' ', 1),
(81, '12:44:00.0000', 11, 1, 1, 0, ' ', 1),
(82, '13:09:00.0000', 11, 1, 1, 1, ' ', 1),
(83, '13:59:00.0000', 11, 1, 1, 1, ' ', 1),
(84, '14:59:00.0000', 11, 1, 1, 1, ' ', 1),
(85, '15:59:00.0000', 11, 1, 1, 1, ' ', 1),
(86, '17:09:00.0000', 11, 1, 1, 1, ' ', 1),
(87, '18:09:00.0000', 11, 1, 1, 1, ' ', 1),
(88, '19:19:00.0000', 11, 1, 1, 1, ' ', 1),
(89, '20:19:00.0000', 11, 1, 1, 1, ' ', 1);

-- --------------------------------------------------------

--
-- Структура таблицы `hotel`
--

CREATE TABLE `hotel` (
  `dep_id` int(11) NOT NULL,
  `departure` time(4) NOT NULL,
  `bus_id` int(11) NOT NULL,
  `dest_id` int(11) NOT NULL,
  `week_day` tinyint(1) NOT NULL,
  `day_off` tinyint(1) NOT NULL,
  `comment` varchar(25) DEFAULT NULL
) ENGINE=InnoDB DEFAULT CHARSET=utf8;

--
-- Дамп данных таблицы `hotel`
--

INSERT INTO `hotel` (`dep_id`, `departure`, `bus_id`, `dest_id`, `week_day`, `day_off`, `comment`) VALUES
(1, '10:11:00.0000', 1, 4, 1, 1, ' '),
(2, '11:11:00.0000', 1, 4, 1, 1, ' '),
(3, '12:11:00.0000', 1, 4, 0, 1, ' '),
(4, '13:56:00.0000', 1, 4, 1, 1, ' '),
(5, '18:11:00.0000', 1, 4, 1, 1, ' '),
(33, '08:27:00.0000', 2, 4, 1, 0, ' '),
(34, '08:42:00.0000', 2, 4, 0, 1, ' '),
(35, '08:57:00.0000', 2, 4, 1, 0, ' '),
(36, '09:37:00.0000', 2, 4, 1, 1, ' '),
(37, '09:57:00.0000', 2, 4, 1, 0, ' '),
(38, '10:42:00.0000', 2, 4, 1, 1, ' '),
(39, '11:42:00.0000', 2, 4, 1, 1, ' '),
(40, '12:22:00.0000', 2, 4, 1, 0, ' '),
(41, '13:17:00.0000', 2, 4, 1, 0, ' '),
(42, '14:12:00.0000', 2, 4, 1, 1, ' '),
(43, '14:27:00.0000', 2, 4, 1, 0, ' '),
(44, '15:12:00.0000', 2, 4, 1, 1, ' '),
(45, '15:57:00.0000', 2, 4, 1, 0, ' '),
(46, '16:12:00.0000', 2, 4, 1, 1, ' '),
(47, '16:27:00.0000', 2, 4, 1, 0, ' '),
(48, '17:12:00.0000', 2, 4, 1, 1, ' '),
(49, '17:32:00.0000', 2, 4, 1, 0, ' '),
(3, '08:53:00.0000', 5, 20, 1, 0, ''),
(4, '14:18:00.0000', 5, 20, 1, 0, ''),
(1, '07:44:00.0000', 5, 1, 1, 0, ' '),
(2, '13:04:00.0000', 5, 1, 1, 0, ' '),
(1, '13:18:00.0000', 7, 1, 0, 1, ' '),
(2, '14:53:00.0000', 7, 1, 1, 1, ' '),
(3, '15:53:00.0000', 7, 1, 1, 0, ' '),
(4, '16:53:00.0000', 7, 1, 1, 0, ' '),
(5, '18:03:00.0000', 7, 1, 1, 0, ' '),
(6, '18:53:00.0000', 7, 1, 1, 1, ' '),
(7, '19:53:00.0000', 7, 1, 1, 1, ' '),
(14, '06:28:00.0000', 7, 1, 1, 0, ' '),
(16, '10:18:00.0000', 7, 1, 0, 1, ' '),
(31, '22:10:00.0000', 8, 21, 1, 1, ''),
(38, '09:19:00.0000', 9, 1, 1, 1, ' '),
(39, '18:45:00.0000', 9, 1, 1, 1, ' '),
(2, '05:05:00.0000', 10, 1, 1, 1, ' '),
(3, '05:50:00.0000', 10, 1, 1, 1, ' '),
(4, '06:30:00.0000', 10, 1, 1, 1, ' '),
(5, '07:10:00.0000', 10, 1, 1, 0, ' '),
(6, '07:20:00.0000', 10, 1, 0, 1, ' '),
(7, '11:55:00.0000', 10, 1, 1, 0, ' '),
(8, '13:10:00.0000', 10, 1, 1, 0, ' '),
(9, '17:25:00.0000', 10, 1, 1, 0, ' '),
(10, '19:20:00.0000', 10, 1, 1, 1, ' '),
(11, '20:25:00.0000', 10, 1, 1, 1, ' '),
(12, '21:20:00.0000', 10, 1, 1, 1, ' '),
(13, '23:20:00.0000', 10, 1, 1, 1, ' '),
(53, '07:40:00.0000', 11, 4, 1, 1, ' '),
(54, '09:25:00.0000', 11, 4, 1, 0, ' '),
(55, '10:05:00.0000', 11, 4, 1, 1, ' '),
(56, '10:25:00.0000', 11, 4, 1, 0, ' '),
(57, '11:00:00.0000', 11, 4, 1, 1, ' '),
(58, '11:30:00.0000', 11, 4, 1, 0, ' '),
(59, '12:00:00.0000', 11, 4, 1, 1, ' '),
(60, '12:35:00.0000', 11, 4, 1, 0, ' '),
(61, '13:00:00.0000', 11, 4, 1, 1, ' '),
(62, '13:50:00.0000', 11, 4, 1, 1, ' '),
(63, '14:50:00.0000', 11, 4, 1, 1, ' '),
(64, '15:50:00.0000', 11, 4, 1, 1, ' '),
(65, '17:00:00.0000', 11, 4, 1, 1, ' '),
(66, '18:00:00.0000', 11, 4, 1, 1, ' '),
(67, '19:10:00.0000', 11, 4, 1, 1, ' '),
(68, '20:10:00.0000', 11, 4, 1, 1, ' '),
(69, '21:11:00.0000', 11, 1, 1, 1, ''),
(73, '07:28:00.0000', 13, 1, 1, 0, ' '),
(74, '07:43:00.0000', 13, 1, 1, 0, ' '),
(75, '13:18:00.0000', 13, 1, 1, 0, ' '),
(76, '16:53:00.0000', 13, 1, 1, 0, ' '),
(77, '17:18:00.0000', 13, 1, 1, 0, ' '),
(79, '07:31:00.0000', 14, 4, 1, 0, ' '),
(80, '08:06:00.0000', 14, 4, 1, 1, ' '),
(81, '08:36:00.0000', 14, 4, 1, 0, ' '),
(82, '09:16:00.0000', 14, 4, 1, 1, ' '),
(83, '12:26:00.0000', 14, 4, 1, 0, ' '),
(84, '06:43:00.0000', 16, 1, 1, 0, ' '),
(85, '06:53:00.0000', 16, 1, 0, 1, ' '),
(86, '08:38:00.0000', 16, 1, 1, 0, ' '),
(88, '16:43:00.0000', 16, 1, 0, 1, ' '),
(89, '20:48:00.0000', 16, 1, 1, 1, ' '),
(32, '15:51:00.0000', 16, 1, 0, 1, ' '),
(70, '21:51:00.0000', 17, 1, 1, 1, ' '),
(41, '08:23:00.0000', 18, 1, 1, 1, ' '),
(19, '17:03:00.0000', 18, 1, 1, 0, ' '),
(26, '22:53:00.0000', 8, 1, 1, 1, ' ');

-- --------------------------------------------------------

--
-- Структура таблицы `justice_house`
--

CREATE TABLE `justice_house` (
  `dep_id` int(11) NOT NULL,
  `departure` time(4) NOT NULL,
  `bus_id` int(11) NOT NULL,
  `dest_id` int(11) NOT NULL,
  `week_day` tinyint(1) NOT NULL,
  `day_off` tinyint(1) NOT NULL,
  `comment` varchar(25) DEFAULT NULL
) ENGINE=InnoDB DEFAULT CHARSET=utf8;

--
-- Дамп данных таблицы `justice_house`
--

INSERT INTO `justice_house` (`dep_id`, `departure`, `bus_id`, `dest_id`, `week_day`, `day_off`, `comment`) VALUES
(1, '10:15:00.0000', 1, 4, 1, 1, ' '),
(2, '11:15:00.0000', 1, 4, 1, 1, ' '),
(3, '12:15:00.0000', 1, 4, 0, 1, ' '),
(4, '14:00:00.0000', 1, 4, 1, 1, ' '),
(5, '18:15:00.0000', 1, 4, 1, 1, ' '),
(47, '10:18:00.0000', 1, 1, 1, 1, ' '),
(48, '11:18:00.0000', 1, 1, 1, 1, ' '),
(49, '12:18:00.0000', 1, 1, 0, 1, ' '),
(50, '14:03:00.0000', 1, 1, 1, 1, ' '),
(51, '18:18:00.0000', 1, 1, 1, 1, ' '),
(1, '07:49:00.0000', 1, 8, 1, 0, ' '),
(2, '09:39:00.0000', 1, 8, 1, 1, ' '),
(3, '10:39:00.0000', 1, 8, 1, 1, ' '),
(4, '11:39:00.0000', 1, 8, 0, 1, ' '),
(5, '12:59:00.0000', 1, 8, 1, 1, ' '),
(6, '17:39:00.0000', 1, 8, 1, 1, ' '),
(7, '20:19:00.0000', 1, 8, 1, 1, ' '),
(1, '07:51:00.0000', 1, 7, 1, 0, ' '),
(2, '09:41:00.0000', 1, 7, 1, 1, ' '),
(3, '10:41:00.0000', 1, 7, 1, 1, ' '),
(4, '11:41:00.0000', 1, 7, 0, 1, ' '),
(5, '13:01:00.0000', 1, 7, 1, 1, ' '),
(6, '17:41:00.0000', 1, 7, 1, 1, ' '),
(7, '20:21:00.0000', 1, 7, 1, 1, ' '),
(33, '08:31:00.0000', 2, 4, 1, 0, ' '),
(34, '08:46:00.0000', 2, 4, 0, 1, ' '),
(35, '09:01:00.0000', 2, 4, 1, 0, ' '),
(36, '09:41:00.0000', 2, 4, 1, 1, ' '),
(37, '10:01:00.0000', 2, 4, 1, 0, ' '),
(38, '10:46:00.0000', 2, 4, 1, 1, ' '),
(39, '11:46:00.0000', 2, 4, 1, 1, ' '),
(40, '12:26:00.0000', 2, 4, 1, 0, ' '),
(41, '13:21:00.0000', 2, 4, 1, 0, ' '),
(42, '14:16:00.0000', 2, 4, 1, 1, ' '),
(43, '14:31:00.0000', 2, 4, 1, 0, ' '),
(44, '15:16:00.0000', 2, 4, 1, 1, ' '),
(45, '16:01:00.0000', 2, 4, 1, 0, ' '),
(46, '16:16:00.0000', 2, 4, 1, 1, ' '),
(47, '16:31:00.0000', 2, 4, 1, 0, ' '),
(48, '17:16:00.0000', 2, 4, 1, 1, ' '),
(49, '17:36:00.0000', 2, 4, 1, 0, ' '),
(57, '08:34:00.0000', 2, 1, 1, 0, ' '),
(58, '08:49:00.0000', 2, 1, 0, 1, ' '),
(59, '09:05:00.0000', 2, 1, 1, 0, ' '),
(60, '09:44:00.0000', 2, 1, 1, 1, ' '),
(61, '10:04:00.0000', 2, 1, 1, 0, ' '),
(62, '10:49:00.0000', 2, 1, 1, 1, ' '),
(63, '11:49:00.0000', 2, 1, 1, 1, ' '),
(64, '12:29:00.0000', 2, 1, 1, 0, ' '),
(65, '13:24:00.0000', 2, 1, 1, 0, ' '),
(66, '14:19:00.0000', 2, 1, 1, 1, ' '),
(67, '14:34:00.0000', 2, 1, 1, 0, ' '),
(68, '15:19:00.0000', 2, 1, 1, 1, ' '),
(69, '16:04:00.0000', 2, 1, 1, 0, ' '),
(70, '16:19:00.0000', 2, 1, 1, 1, ' '),
(71, '16:34:00.0000', 2, 1, 1, 0, ' '),
(72, '17:19:00.0000', 2, 1, 1, 1, ' '),
(73, '17:39:00.0000', 2, 1, 1, 0, ' '),
(8, '07:30:00.0000', 2, 8, 1, 1, ' '),
(9, '08:20:00.0000', 2, 8, 1, 1, ' '),
(10, '09:05:00.0000', 2, 8, 1, 1, ' '),
(11, '09:25:00.0000', 2, 8, 1, 0, ' '),
(12, '10:05:00.0000', 2, 8, 1, 1, ' '),
(13, '11:05:00.0000', 2, 8, 1, 1, ' '),
(14, '11:45:00.0000', 2, 8, 1, 0, ' '),
(15, '12:45:00.0000', 2, 8, 1, 0, ' '),
(16, '13:35:00.0000', 2, 8, 1, 1, ' '),
(17, '13:55:00.0000', 2, 8, 1, 0, ' '),
(18, '14:35:00.0000', 2, 8, 1, 1, ' '),
(19, '15:35:00.0000', 2, 8, 1, 1, ' '),
(20, '15:50:00.0000', 2, 8, 1, 0, ' '),
(21, '16:35:00.0000', 2, 8, 1, 1, ' '),
(22, '16:55:00.0000', 2, 8, 1, 0, ' '),
(23, '18:00:00.0000', 2, 8, 1, 1, ' '),
(8, '07:32:00.0000', 2, 7, 1, 1, ' '),
(9, '08:22:00.0000', 2, 7, 1, 0, ' '),
(10, '08:23:00.0000', 2, 7, 0, 1, ' '),
(11, '09:07:00.0000', 2, 7, 1, 0, ' '),
(12, '09:08:00.0000', 2, 7, 0, 1, ' '),
(13, '09:27:00.0000', 2, 7, 1, 0, ' '),
(14, '10:07:00.0000', 2, 7, 1, 0, ' '),
(15, '10:08:00.0000', 2, 7, 0, 1, ' '),
(16, '11:07:00.0000', 2, 7, 1, 0, ' '),
(17, '11:08:00.0000', 2, 7, 0, 1, ' '),
(18, '11:47:00.0000', 2, 7, 1, 0, ' '),
(19, '12:47:00.0000', 2, 7, 1, 0, ' '),
(20, '13:38:00.0000', 2, 7, 1, 1, ' '),
(21, '13:57:00.0000', 2, 7, 1, 0, ' '),
(22, '14:37:00.0000', 2, 7, 1, 0, ' '),
(23, '14:38:00.0000', 2, 7, 0, 1, ' '),
(24, '15:37:00.0000', 2, 7, 1, 0, ' '),
(25, '15:38:00.0000', 2, 7, 0, 1, ' '),
(26, '15:52:00.0000', 2, 7, 1, 0, ' '),
(27, '16:37:00.0000', 2, 7, 1, 0, ' '),
(28, '16:38:00.0000', 2, 7, 0, 1, ' '),
(29, '16:57:00.0000', 2, 7, 1, 0, ' '),
(30, '18:02:00.0000', 2, 7, 1, 1, ' '),
(49, '17:13:00.0000', 14, 11, 1, 0, ' '),
(45, '17:16:00.0000', 14, 12, 1, 0, ' '),
(79, '07:34:00.0000', 14, 4, 1, 0, ' '),
(80, '08:09:00.0000', 14, 4, 1, 1, ' '),
(81, '08:39:00.0000', 14, 4, 1, 0, ' '),
(82, '09:19:00.0000', 14, 4, 1, 1, ' '),
(83, '12:29:00.0000', 14, 4, 1, 0, ' '),
(52, '07:38:00.0000', 14, 1, 1, 0, ' '),
(53, '08:11:00.0000', 14, 1, 1, 1, ' '),
(54, '08:41:00.0000', 14, 1, 1, 0, ' '),
(55, '09:21:00.0000', 14, 1, 1, 1, ' '),
(56, '12:31:00.0000', 14, 1, 1, 0, ' '),
(50, '11:38:00.0000', 15, 19, 1, 0, ' '),
(46, '11:41:00.0000', 15, 10, 1, 0, ' ');

-- --------------------------------------------------------

--
-- Структура таблицы `kolosok`
--

CREATE TABLE `kolosok` (
  `dep_id` int(11) NOT NULL,
  `departure` time(4) NOT NULL,
  `bus_id` int(11) NOT NULL,
  `dest_id` int(11) NOT NULL,
  `week_day` tinyint(1) NOT NULL,
  `day_off` tinyint(1) NOT NULL,
  `comment` varchar(25) DEFAULT NULL
) ENGINE=InnoDB DEFAULT CHARSET=utf8;

--
-- Дамп данных таблицы `kolosok`
--

INSERT INTO `kolosok` (`dep_id`, `departure`, `bus_id`, `dest_id`, `week_day`, `day_off`, `comment`) VALUES
(24, '05:46:00.0000', 3, 15, 1, 1, ' '),
(25, '07:41:00.0000', 3, 15, 1, 1, ' '),
(26, '08:26:00.0000', 3, 15, 1, 1, ' '),
(27, '09:56:00.0000', 3, 15, 1, 1, ' '),
(28, '10:41:00.0000', 3, 15, 1, 1, ' '),
(29, '11:41:00.0000', 3, 15, 1, 1, ' '),
(30, '12:51:00.0000', 3, 15, 1, 1, ' '),
(31, '17:41:00.0000', 3, 15, 1, 1, ' '),
(32, '19:26:00.0000', 3, 15, 1, 1, 'через ул. Каминского'),
(36, '12:52:00.0000', 6, 13, 1, 1, ' '),
(37, '13:52:00.0000', 6, 13, 0, 1, ' '),
(38, '09:21:00.0000', 9, 1, 1, 1, ' '),
(39, '18:47:00.0000', 9, 1, 1, 1, ' '),
(74, '07:51:00.0000', 11, 1, 1, 1, ' '),
(75, '09:36:00.0000', 11, 1, 1, 0, ' '),
(76, '10:12:00.0000', 11, 1, 1, 1, ' '),
(77, '10:36:00.0000', 11, 1, 1, 0, ' '),
(78, '11:11:00.0000', 11, 1, 1, 1, ' '),
(79, '11:41:00.0000', 11, 1, 1, 0, ' '),
(80, '12:11:00.0000', 11, 1, 1, 1, ' '),
(81, '12:46:00.0000', 11, 1, 1, 0, ' '),
(82, '13:11:00.0000', 11, 1, 1, 1, ' '),
(83, '14:01:00.0000', 11, 1, 1, 1, ' '),
(84, '15:01:00.0000', 11, 1, 1, 1, ' '),
(85, '16:01:00.0000', 11, 1, 1, 1, ' '),
(86, '17:11:00.0000', 11, 1, 1, 1, ' '),
(87, '18:11:00.0000', 11, 1, 1, 1, ' '),
(88, '19:21:00.0000', 11, 1, 1, 1, ' '),
(89, '20:21:00.0000', 11, 1, 1, 1, ' '),
(69, '21:12:00.0000', 11, 1, 1, 1, ''),
(41, '08:26:00.0000', 18, 1, 1, 1, ' '),
(19, '17:06:00.0000', 18, 1, 1, 0, ' ');

-- --------------------------------------------------------

--
-- Структура таблицы `koreni`
--

CREATE TABLE `koreni` (
  `dep_id` int(11) NOT NULL,
  `departure` time(4) NOT NULL,
  `bus_id` int(11) NOT NULL,
  `dest_id` int(11) NOT NULL,
  `week_day` tinyint(1) NOT NULL,
  `day_off` tinyint(1) NOT NULL,
  `comment` varchar(35) DEFAULT NULL,
  `regular_route` tinyint(1) NOT NULL DEFAULT 1
) ENGINE=InnoDB DEFAULT CHARSET=utf8;

--
-- Дамп данных таблицы `koreni`
--

INSERT INTO `koreni` (`dep_id`, `departure`, `bus_id`, `dest_id`, `week_day`, `day_off`, `comment`, `regular_route`) VALUES
(1, '10:00:00.0000', 1, 4, 1, 1, ' ', 1),
(2, '11:00:00.0000', 1, 4, 1, 1, ' ', 1),
(3, '12:00:00.0000', 1, 4, 0, 1, ' ', 1),
(4, '13:45:00.0000', 1, 4, 1, 1, ' ', 1),
(5, '18:00:00.0000', 1, 4, 1, 1, ' ', 1),
(6, '04:00:00.0000', 8, 15, 1, 1, ' ', 1),
(7, '05:10:00.0000', 8, 15, 1, 1, ' ', 1),
(8, '05:45:00.0000', 8, 15, 1, 1, ' ', 1),
(9, '06:15:00.0000', 8, 15, 1, 1, ' ', 1),
(10, '07:25:00.0000', 8, 15, 1, 1, ' ', 1),
(11, '09:45:00.0000', 8, 15, 1, 1, ' ', 1),
(12, '08:30:00.0000', 8, 15, 0, 1, 'по вс', 1),
(13, '10:20:00.0000', 8, 15, 1, 1, ' ', 1),
(14, '11:25:00.0000', 8, 15, 1, 1, ' ', 1),
(15, '13:05:00.0000', 8, 15, 1, 1, ' ', 1),
(16, '14:15:00.0000', 8, 15, 1, 1, ' ', 1),
(17, '15:00:00.0000', 8, 15, 0, 1, ' ', 1),
(18, '15:10:00.0000', 8, 15, 1, 0, ' ', 1),
(19, '15:40:00.0000', 8, 15, 0, 1, ' ', 1),
(20, '15:50:00.0000', 8, 15, 1, 0, ' ', 1),
(21, '16:20:00.0000', 8, 15, 0, 1, ' ', 1),
(22, '17:45:00.0000', 8, 15, 1, 1, ' ', 1),
(23, '18:50:00.0000', 8, 15, 1, 1, ' ', 1),
(24, '19:50:00.0000', 8, 15, 1, 1, ' ', 1),
(25, '20:45:00.0000', 8, 15, 1, 1, ' ', 1),
(26, '22:40:00.0000', 8, 1, 1, 1, ' ', 0),
(33, '08:15:00.0000', 2, 4, 1, 0, ' ', 1),
(34, '08:30:00.0000', 2, 4, 0, 1, ' ', 1),
(35, '08:45:00.0000', 2, 4, 1, 0, ' ', 1),
(36, '09:25:00.0000', 2, 4, 1, 1, ' ', 1),
(37, '09:45:00.0000', 2, 4, 1, 0, ' ', 1),
(38, '10:30:00.0000', 2, 4, 1, 1, ' ', 1),
(39, '11:30:00.0000', 2, 4, 1, 1, ' ', 1),
(40, '12:10:00.0000', 2, 4, 1, 0, ' ', 1),
(41, '13:05:00.0000', 2, 4, 1, 0, ' ', 1),
(42, '14:00:00.0000', 2, 4, 1, 1, ' ', 1),
(43, '14:15:00.0000', 2, 4, 1, 0, ' ', 1),
(44, '15:00:00.0000', 2, 4, 1, 1, ' ', 1),
(45, '15:45:00.0000', 2, 4, 1, 0, ' ', 1),
(46, '16:00:00.0000', 2, 4, 1, 1, ' ', 1),
(47, '16:15:00.0000', 2, 4, 1, 0, ' ', 1),
(48, '17:00:00.0000', 2, 4, 1, 1, ' ', 1),
(49, '17:20:00.0000', 2, 4, 1, 0, ' ', 1),
(50, '09:00:00.0000', 9, 5, 1, 1, ' ', 1),
(51, '18:30:00.0000', 9, 5, 1, 1, ' ', 1),
(52, '08:30:00.0000', 9, 15, 1, 1, 'кроме вс', 0),
(53, '07:30:00.0000', 11, 4, 1, 1, ' ', 1),
(54, '09:15:00.0000', 11, 4, 1, 0, ' ', 1),
(55, '09:55:00.0000', 11, 4, 1, 1, ' ', 1),
(56, '10:15:00.0000', 11, 4, 1, 0, ' ', 1),
(57, '10:50:00.0000', 11, 4, 1, 1, ' ', 1),
(58, '11:20:00.0000', 11, 4, 1, 0, ' ', 1),
(59, '11:50:00.0000', 11, 4, 1, 1, ' ', 1),
(60, '12:25:00.0000', 11, 4, 1, 0, ' ', 1),
(61, '12:50:00.0000', 11, 4, 1, 1, ' ', 1),
(62, '13:40:00.0000', 11, 4, 1, 1, ' ', 1),
(63, '14:40:00.0000', 11, 4, 1, 1, ' ', 1),
(64, '15:40:00.0000', 11, 4, 1, 1, ' ', 1),
(65, '16:50:00.0000', 11, 4, 1, 1, ' ', 1),
(66, '17:50:00.0000', 11, 4, 1, 1, ' ', 1),
(67, '19:00:00.0000', 11, 4, 1, 1, ' ', 1),
(68, '20:00:00.0000', 11, 4, 1, 1, ' ', 1),
(69, '21:00:00.0000', 11, 1, 1, 1, '', 0),
(70, '21:40:00.0000', 17, 1, 1, 1, ' ', 1),
(71, '06:54:00.0000', 13, 10, 1, 0, ' ', 1),
(72, '07:29:00.0000', 13, 10, 1, 1, ' ', 1),
(73, '07:23:00.0000', 13, 1, 1, 0, ' ', 1),
(74, '07:35:00.0000', 13, 1, 1, 0, ' ', 1),
(75, '13:10:00.0000', 13, 1, 1, 0, ' ', 1),
(76, '16:45:00.0000', 13, 1, 1, 0, ' ', 1),
(77, '17:10:00.0000', 13, 1, 1, 0, ' ', 1),
(78, '17:30:00.0000', 14, 10, 1, 0, ' ', 1),
(79, '07:23:00.0000', 14, 4, 1, 0, ' ', 1),
(80, '07:55:00.0000', 14, 4, 1, 1, ' ', 1),
(81, '08:35:00.0000', 14, 4, 1, 0, ' ', 1),
(82, '09:05:00.0000', 14, 4, 1, 1, ' ', 1),
(83, '12:15:00.0000', 14, 4, 1, 0, ' ', 1),
(84, '06:30:00.0000', 16, 1, 1, 0, ' ', 1),
(85, '06:40:00.0000', 16, 1, 0, 1, ' ', 1),
(86, '08:25:00.0000', 16, 1, 1, 0, ' ', 1),
(87, '15:30:00.0000', 16, 5, 0, 1, '', 0),
(88, '16:30:00.0000', 16, 1, 0, 1, ' ', 1),
(89, '20:35:00.0000', 16, 1, 1, 1, ' ', 1);

-- --------------------------------------------------------

--
-- Структура таблицы `koreni_village`
--

CREATE TABLE `koreni_village` (
  `dep_id` int(11) NOT NULL,
  `departure` time(4) NOT NULL,
  `bus_id` int(11) NOT NULL,
  `dest_id` int(11) NOT NULL,
  `week_day` tinyint(1) NOT NULL,
  `day_off` tinyint(1) NOT NULL,
  `comment` varchar(25) DEFAULT NULL
) ENGINE=InnoDB DEFAULT CHARSET=utf8;

--
-- Дамп данных таблицы `koreni_village`
--

INSERT INTO `koreni_village` (`dep_id`, `departure`, `bus_id`, `dest_id`, `week_day`, `day_off`, `comment`) VALUES
(1, '10:04:00.0000', 1, 4, 1, 1, ' '),
(2, '11:04:00.0000', 1, 4, 1, 1, ' '),
(3, '12:04:00.0000', 1, 4, 0, 1, ' '),
(4, '13:49:00.0000', 1, 4, 1, 1, ' '),
(5, '18:04:00.0000', 1, 4, 1, 1, ' '),
(1, '08:02:00.0000', 1, 7, 1, 0, ' '),
(2, '09:52:00.0000', 1, 7, 1, 1, ' '),
(3, '10:52:00.0000', 1, 7, 1, 1, ' '),
(4, '11:52:00.0000', 1, 7, 0, 1, ' '),
(5, '13:12:00.0000', 1, 7, 1, 1, ' '),
(6, '17:52:00.0000', 1, 7, 1, 1, ' '),
(7, '20:32:00.0000', 1, 7, 1, 1, ' '),
(33, '08:19:00.0000', 2, 4, 1, 0, ' '),
(34, '08:34:00.0000', 2, 4, 0, 1, ' '),
(35, '08:49:00.0000', 2, 4, 1, 0, ' '),
(36, '09:29:00.0000', 2, 4, 1, 1, ' '),
(37, '09:49:00.0000', 2, 4, 1, 0, ' '),
(38, '10:34:00.0000', 2, 4, 1, 1, ' '),
(39, '11:34:00.0000', 2, 4, 1, 1, ' '),
(40, '12:14:00.0000', 2, 4, 1, 0, ' '),
(41, '13:09:00.0000', 2, 4, 1, 0, ' '),
(42, '14:04:00.0000', 2, 4, 1, 1, ' '),
(43, '14:19:00.0000', 2, 4, 1, 0, ' '),
(44, '15:04:00.0000', 2, 4, 1, 1, ' '),
(45, '15:49:00.0000', 2, 4, 1, 0, ' '),
(46, '16:04:00.0000', 2, 4, 1, 1, ' '),
(47, '16:19:00.0000', 2, 4, 1, 0, ' '),
(48, '17:04:00.0000', 2, 4, 1, 1, ' '),
(49, '17:24:00.0000', 2, 4, 1, 0, ' '),
(8, '07:42:00.0000', 2, 7, 1, 1, ' '),
(9, '08:32:00.0000', 2, 7, 1, 0, ' '),
(10, '08:33:00.0000', 2, 7, 0, 1, ' '),
(11, '09:17:00.0000', 2, 7, 1, 0, ' '),
(12, '09:18:00.0000', 2, 7, 0, 1, ' '),
(13, '09:37:00.0000', 2, 7, 1, 0, ' '),
(14, '10:17:00.0000', 2, 7, 1, 0, ' '),
(15, '10:18:00.0000', 2, 7, 0, 1, ' '),
(16, '11:17:00.0000', 2, 7, 1, 0, ' '),
(17, '11:18:00.0000', 2, 7, 0, 1, ' '),
(18, '11:57:00.0000', 2, 7, 1, 0, ' '),
(19, '12:57:00.0000', 2, 7, 1, 0, ' '),
(20, '13:48:00.0000', 2, 7, 1, 1, ' '),
(21, '14:07:00.0000', 2, 7, 1, 0, ' '),
(22, '14:47:00.0000', 2, 7, 1, 0, ' '),
(23, '14:48:00.0000', 2, 7, 0, 1, ' '),
(24, '15:47:00.0000', 2, 7, 1, 0, ' '),
(25, '15:48:00.0000', 2, 7, 0, 1, ' '),
(26, '16:02:00.0000', 2, 7, 1, 0, ' '),
(27, '16:47:00.0000', 2, 7, 1, 0, ' '),
(28, '16:48:00.0000', 2, 7, 0, 1, ' '),
(29, '17:07:00.0000', 2, 7, 1, 0, ' '),
(30, '18:12:00.0000', 2, 7, 1, 1, ' '),
(38, '06:51:00.0000', 7, 10, 1, 0, ' '),
(39, '08:01:00.0000', 7, 10, 1, 0, ' '),
(40, '08:41:00.0000', 7, 10, 1, 1, ' '),
(41, '12:46:00.0000', 7, 10, 1, 1, ' '),
(42, '14:16:00.0000', 7, 10, 1, 1, ' '),
(43, '15:21:00.0000', 7, 10, 1, 0, ' '),
(44, '16:21:00.0000', 7, 10, 1, 0, ' '),
(45, '18:21:00.0000', 7, 10, 1, 1, ' '),
(46, '19:21:00.0000', 7, 10, 1, 1, ' '),
(1, '13:13:00.0000', 7, 1, 0, 1, ' '),
(2, '14:48:00.0000', 7, 1, 1, 1, ' '),
(3, '15:48:00.0000', 7, 1, 1, 0, ' '),
(4, '16:48:00.0000', 7, 1, 1, 0, ' '),
(5, '17:58:00.0000', 7, 1, 1, 0, ' '),
(6, '18:48:00.0000', 7, 1, 1, 1, ' '),
(7, '19:48:00.0000', 7, 1, 1, 1, ' '),
(15, '06:30:00.0000', 7, 7, 0, 1, ' '),
(6, '04:04:00.0000', 8, 15, 1, 1, ' '),
(7, '05:14:00.0000', 8, 15, 1, 1, ' '),
(8, '05:49:00.0000', 8, 15, 1, 1, ' '),
(9, '06:19:00.0000', 8, 15, 1, 1, ' '),
(10, '07:29:00.0000', 8, 15, 1, 1, ' '),
(11, '09:49:00.0000', 8, 15, 1, 1, ' '),
(12, '08:34:00.0000', 8, 15, 0, 1, 'по вс'),
(13, '10:24:00.0000', 8, 15, 1, 1, ' '),
(14, '11:29:00.0000', 8, 15, 1, 1, ' '),
(15, '13:09:00.0000', 8, 15, 1, 1, ' '),
(16, '14:19:00.0000', 8, 15, 1, 1, ' '),
(17, '15:04:00.0000', 8, 15, 0, 1, ' '),
(18, '15:14:00.0000', 8, 15, 1, 0, ' '),
(19, '15:44:00.0000', 8, 15, 0, 1, ' '),
(20, '15:54:00.0000', 8, 15, 1, 0, ' '),
(21, '16:24:00.0000', 8, 15, 0, 1, ' '),
(22, '17:49:00.0000', 8, 15, 1, 1, ' '),
(23, '18:54:00.0000', 8, 15, 1, 1, ' '),
(24, '19:54:00.0000', 8, 15, 1, 1, ' '),
(25, '20:49:00.0000', 8, 15, 1, 1, ' '),
(13, '03:59:00.0000', 8, 7, 1, 1, ' '),
(14, '05:06:00.0000', 8, 7, 1, 1, ' '),
(15, '05:41:00.0000', 8, 7, 1, 1, ' '),
(16, '06:11:00.0000', 8, 7, 1, 1, ' '),
(17, '08:16:00.0000', 8, 7, 0, 1, 'по вс'),
(18, '09:36:00.0000', 8, 7, 1, 1, ' '),
(19, '10:11:00.0000', 8, 7, 1, 1, ' '),
(20, '11:16:00.0000', 8, 7, 1, 1, ' '),
(21, '12:56:00.0000', 8, 7, 1, 1, ' '),
(22, '14:06:00.0000', 8, 7, 1, 1, ' '),
(23, '14:51:00.0000', 8, 7, 1, 1, ' '),
(24, '15:31:00.0000', 8, 7, 0, 1, ' '),
(25, '15:46:00.0000', 8, 7, 1, 0, ' '),
(26, '16:14:00.0000', 8, 7, 0, 1, ' '),
(27, '17:16:00.0000', 8, 7, 1, 1, ' '),
(28, '18:41:00.0000', 8, 7, 1, 1, ' '),
(29, '19:16:00.0000', 8, 7, 1, 1, ' '),
(30, '20:31:00.0000', 8, 7, 1, 1, ' '),
(53, '07:33:00.0000', 11, 4, 1, 1, ' '),
(54, '09:18:00.0000', 11, 4, 1, 0, ' '),
(55, '09:58:00.0000', 11, 4, 1, 1, ' '),
(56, '10:18:00.0000', 11, 4, 1, 0, ' '),
(57, '10:53:00.0000', 11, 4, 1, 1, ' '),
(58, '11:23:00.0000', 11, 4, 1, 0, ' '),
(59, '11:53:00.0000', 11, 4, 1, 1, ' '),
(60, '12:28:00.0000', 11, 4, 1, 0, ' '),
(61, '12:53:00.0000', 11, 4, 1, 1, ' '),
(62, '13:43:00.0000', 11, 4, 1, 1, ' '),
(63, '14:43:00.0000', 11, 4, 1, 1, ' '),
(64, '15:43:00.0000', 11, 4, 1, 1, ' '),
(65, '16:53:00.0000', 11, 4, 1, 1, ' '),
(66, '17:53:00.0000', 11, 4, 1, 1, ' '),
(67, '19:03:00.0000', 11, 4, 1, 1, ' '),
(68, '20:03:00.0000', 11, 4, 1, 1, ' '),
(69, '21:03:00.0000', 11, 1, 1, 1, ''),
(47, '06:51:00.0000', 13, 12, 1, 0, ' '),
(48, '07:26:00.0000', 13, 12, 1, 1, ' '),
(73, '07:23:00.0000', 13, 1, 1, 0, ' '),
(74, '07:38:00.0000', 13, 1, 1, 0, ' '),
(75, '13:13:00.0000', 13, 1, 1, 0, ' '),
(76, '16:48:00.0000', 13, 1, 1, 0, ' '),
(77, '17:13:00.0000', 13, 1, 1, 0, ' '),
(45, '17:27:00.0000', 14, 12, 1, 0, ' '),
(79, '07:24:00.0000', 14, 4, 1, 0, ' '),
(80, '07:59:00.0000', 14, 4, 1, 1, ' '),
(81, '08:29:00.0000', 14, 4, 1, 0, ' '),
(82, '09:09:00.0000', 14, 4, 1, 1, ' '),
(83, '12:19:00.0000', 14, 4, 1, 0, ' '),
(46, '11:52:00.0000', 15, 10, 1, 0, ' '),
(51, '15:21:00.0000', 16, 7, 0, 1, ' '),
(52, '16:21:00.0000', 16, 7, 0, 1, ' '),
(84, '06:35:00.0000', 16, 1, 1, 0, ' '),
(85, '06:45:00.0000', 16, 1, 0, 1, ' '),
(86, '08:30:00.0000', 16, 1, 1, 0, ' '),
(88, '16:35:00.0000', 16, 1, 0, 1, ' '),
(89, '20:40:00.0000', 16, 1, 1, 1, ' '),
(87, '15:34:00.0000', 16, 5, 0, 1, ''),
(54, '07:38:00.0000', 18, 10, 1, 0, ' '),
(42, '16:39:00.0000', 18, 10, 1, 0, ' '),
(26, '22:45:00.0000', 8, 1, 1, 1, ' ');

-- --------------------------------------------------------

--
-- Структура таблицы `lmz`
--

CREATE TABLE `lmz` (
  `dep_id` int(11) NOT NULL,
  `departure` time(4) NOT NULL,
  `bus_id` int(11) NOT NULL,
  `dest_id` int(11) NOT NULL,
  `week_day` tinyint(1) NOT NULL,
  `day_off` tinyint(1) NOT NULL,
  `comment` varchar(25) DEFAULT NULL
) ENGINE=InnoDB DEFAULT CHARSET=utf8;

--
-- Дамп данных таблицы `lmz`
--

INSERT INTO `lmz` (`dep_id`, `departure`, `bus_id`, `dest_id`, `week_day`, `day_off`, `comment`) VALUES
(3, '08:44:00.0000', 5, 20, 1, 0, ''),
(4, '14:09:00.0000', 5, 20, 1, 0, ''),
(1, '07:35:00.0000', 5, 1, 1, 0, ' '),
(2, '12:55:00.0000', 5, 1, 1, 0, ' '),
(5, '18:04:00.0000', 5, 13, 1, 0, ' '),
(9, '12:42:00.0000', 5, 16, 1, 0, ' '),
(1, '07:46:00.0000', 12, 17, 1, 1, 'кроме вс'),
(2, '17:51:00.0000', 12, 17, 1, 0, ' '),
(14, '17:10:00.0000', 12, 18, 1, 0, ' ');

-- --------------------------------------------------------

--
-- Структура таблицы `market`
--

CREATE TABLE `market` (
  `dep_id` int(11) NOT NULL,
  `departure` time(4) NOT NULL,
  `bus_id` int(11) NOT NULL,
  `dest_id` int(11) NOT NULL,
  `week_day` tinyint(1) NOT NULL,
  `day_off` tinyint(1) NOT NULL,
  `comment` varchar(25) DEFAULT NULL
) ENGINE=InnoDB DEFAULT CHARSET=utf8;

--
-- Дамп данных таблицы `market`
--

INSERT INTO `market` (`dep_id`, `departure`, `bus_id`, `dest_id`, `week_day`, `day_off`, `comment`) VALUES
(58, '07:54:00.0000', 9, 9, 1, 1, ' '),
(59, '09:34:00.0000', 9, 9, 1, 1, ' '),
(60, '14:44:00.0000', 9, 9, 1, 0, ' '),
(38, '09:24:00.0000', 9, 1, 1, 1, ' '),
(39, '18:50:00.0000', 9, 1, 1, 1, ' '),
(74, '08:39:00.0000', 11, 8, 1, 0, ' '),
(75, '09:49:00.0000', 11, 8, 1, 0, ' '),
(76, '10:24:00.0000', 11, 8, 1, 1, ' '),
(77, '10:54:00.0000', 11, 8, 1, 0, ' '),
(78, '11:24:00.0000', 11, 8, 1, 1, ' '),
(79, '11:54:00.0000', 11, 8, 1, 0, ' '),
(80, '12:24:00.0000', 11, 8, 1, 1, ' '),
(81, '13:14:00.0000', 11, 8, 1, 1, ' '),
(82, '14:14:00.0000', 11, 8, 1, 1, ' '),
(83, '15:14:00.0000', 11, 8, 1, 1, ' '),
(84, '16:14:00.0000', 11, 8, 1, 1, ' '),
(85, '17:24:00.0000', 11, 8, 1, 1, ' '),
(86, '18:34:00.0000', 11, 8, 1, 1, ' '),
(87, '19:34:00.0000', 11, 8, 1, 1, ' '),
(74, '07:55:00.0000', 11, 1, 1, 1, ' '),
(75, '09:40:00.0000', 11, 1, 1, 0, ' '),
(76, '10:16:00.0000', 11, 1, 1, 1, ' '),
(77, '10:40:00.0000', 11, 1, 1, 0, ' '),
(78, '11:15:00.0000', 11, 1, 1, 1, ' '),
(79, '11:45:00.0000', 11, 1, 1, 0, ' '),
(80, '12:15:00.0000', 11, 1, 1, 1, ' '),
(81, '12:50:00.0000', 11, 1, 1, 0, ' '),
(82, '13:15:00.0000', 11, 1, 1, 1, ' '),
(83, '14:05:00.0000', 11, 1, 1, 1, ' '),
(84, '15:05:00.0000', 11, 1, 1, 1, ' '),
(85, '16:05:00.0000', 11, 1, 1, 1, ' '),
(86, '17:15:00.0000', 11, 1, 1, 1, ' '),
(87, '18:15:00.0000', 11, 1, 1, 1, ' '),
(88, '19:25:00.0000', 11, 1, 1, 1, ' '),
(89, '20:25:00.0000', 11, 1, 1, 1, ' '),
(69, '21:15:00.0000', 11, 1, 1, 1, ''),
(1, '07:39:00.0000', 12, 17, 1, 1, 'кроме вс'),
(2, '17:44:00.0000', 12, 17, 1, 0, ' '),
(14, '17:16:00.0000', 12, 18, 1, 0, ' '),
(54, '07:23:00.0000', 18, 10, 1, 0, ' '),
(55, '16:18:00.0000', 18, 22, 1, 0, ''),
(41, '08:30:00.0000', 18, 1, 1, 1, ' '),
(19, '17:10:00.0000', 18, 1, 1, 0, ' '),
(88, '20:44:00.0000', 11, 7, 1, 1, '');

-- --------------------------------------------------------

--
-- Структура таблицы `molodeznaya_st`
--

CREATE TABLE `molodeznaya_st` (
  `dep_id` int(11) NOT NULL,
  `departure` time(4) NOT NULL,
  `bus_id` int(11) NOT NULL,
  `dest_id` int(11) NOT NULL,
  `week_day` tinyint(1) NOT NULL,
  `day_off` tinyint(1) NOT NULL,
  `comment` varchar(25) DEFAULT NULL
) ENGINE=InnoDB DEFAULT CHARSET=utf8;

--
-- Дамп данных таблицы `molodeznaya_st`
--

INSERT INTO `molodeznaya_st` (`dep_id`, `departure`, `bus_id`, `dest_id`, `week_day`, `day_off`, `comment`) VALUES
(3, '08:38:00.0000', 5, 20, 1, 0, ''),
(4, '14:03:00.0000', 5, 20, 1, 0, ''),
(5, '17:58:00.0000', 5, 13, 1, 0, ' ');

-- --------------------------------------------------------

--
-- Структура таблицы `molodezniy`
--

CREATE TABLE `molodezniy` (
  `dep_id` int(11) NOT NULL,
  `departure` time(4) NOT NULL,
  `bus_id` int(11) NOT NULL,
  `dest_id` int(11) NOT NULL,
  `week_day` tinyint(1) NOT NULL,
  `day_off` tinyint(1) NOT NULL,
  `comment` varchar(25) DEFAULT NULL,
  `regular_route` tinyint(1) NOT NULL DEFAULT 1
) ENGINE=InnoDB DEFAULT CHARSET=utf8;

--
-- Дамп данных таблицы `molodezniy`
--

INSERT INTO `molodezniy` (`dep_id`, `departure`, `bus_id`, `dest_id`, `week_day`, `day_off`, `comment`, `regular_route`) VALUES
(1, '07:30:00.0000', 5, 1, 1, 0, ' ', 1),
(2, '12:50:00.0000', 5, 1, 1, 0, ' ', 1),
(3, '08:35:00.0000', 5, 20, 1, 0, '', 2),
(4, '14:00:00.0000', 5, 20, 1, 0, '', 2),
(5, '17:55:00.0000', 5, 13, 1, 0, ' ', 0);

-- --------------------------------------------------------

--
-- Структура таблицы `polyclinic`
--

CREATE TABLE `polyclinic` (
  `dep_id` int(11) NOT NULL,
  `departure` time(4) NOT NULL,
  `bus_id` int(11) NOT NULL,
  `dest_id` int(11) NOT NULL,
  `week_day` tinyint(1) NOT NULL,
  `day_off` tinyint(1) NOT NULL,
  `comment` varchar(25) DEFAULT NULL
) ENGINE=InnoDB DEFAULT CHARSET=utf8;

--
-- Дамп данных таблицы `polyclinic`
--

INSERT INTO `polyclinic` (`dep_id`, `departure`, `bus_id`, `dest_id`, `week_day`, `day_off`, `comment`) VALUES
(1, '10:01:00.0000', 1, 4, 1, 1, ' '),
(2, '11:01:00.0000', 1, 4, 1, 1, ' '),
(3, '12:01:00.0000', 1, 4, 0, 1, ' '),
(4, '13:46:00.0000', 1, 4, 1, 1, ' '),
(5, '18:01:00.0000', 1, 4, 1, 1, ' '),
(1, '08:04:00.0000', 1, 7, 1, 0, ' '),
(2, '09:54:00.0000', 1, 7, 1, 1, ' '),
(3, '10:54:00.0000', 1, 7, 1, 1, ' '),
(4, '11:54:00.0000', 1, 7, 0, 1, ' '),
(5, '13:14:00.0000', 1, 7, 1, 1, ' '),
(6, '17:54:00.0000', 1, 7, 1, 1, ' '),
(7, '20:34:00.0000', 1, 7, 1, 1, ' '),
(33, '08:16:00.0000', 2, 4, 1, 0, ' '),
(34, '08:31:00.0000', 2, 4, 0, 1, ' '),
(35, '08:46:00.0000', 2, 4, 1, 0, ' '),
(36, '09:26:00.0000', 2, 4, 1, 1, ' '),
(37, '09:46:00.0000', 2, 4, 1, 0, ' '),
(38, '10:31:00.0000', 2, 4, 1, 1, ' '),
(39, '11:31:00.0000', 2, 4, 1, 1, ' '),
(40, '12:11:00.0000', 2, 4, 1, 0, ' '),
(41, '13:06:00.0000', 2, 4, 1, 0, ' '),
(42, '14:01:00.0000', 2, 4, 1, 1, ' '),
(43, '14:16:00.0000', 2, 4, 1, 0, ' '),
(44, '15:01:00.0000', 2, 4, 1, 1, ' '),
(45, '15:46:00.0000', 2, 4, 1, 0, ' '),
(46, '16:01:00.0000', 2, 4, 1, 1, ' '),
(47, '16:16:00.0000', 2, 4, 1, 0, ' '),
(48, '17:01:00.0000', 2, 4, 1, 1, ' '),
(49, '17:21:00.0000', 2, 4, 1, 0, ' '),
(8, '07:43:00.0000', 2, 7, 1, 1, ' '),
(9, '08:33:00.0000', 2, 7, 1, 0, ' '),
(10, '08:34:00.0000', 2, 7, 0, 1, ' '),
(11, '09:18:00.0000', 2, 7, 1, 0, ' '),
(12, '09:19:00.0000', 2, 7, 0, 1, ' '),
(13, '09:38:00.0000', 2, 7, 1, 0, ' '),
(14, '10:18:00.0000', 2, 7, 1, 0, ' '),
(15, '10:19:00.0000', 2, 7, 0, 1, ' '),
(16, '11:18:00.0000', 2, 7, 1, 0, ' '),
(17, '11:19:00.0000', 2, 7, 0, 1, ' '),
(18, '11:58:00.0000', 2, 7, 1, 0, ' '),
(19, '12:58:00.0000', 2, 7, 1, 0, ' '),
(20, '13:49:00.0000', 2, 7, 1, 1, ' '),
(21, '14:08:00.0000', 2, 7, 1, 0, ' '),
(22, '14:48:00.0000', 2, 7, 1, 0, ' '),
(23, '14:49:00.0000', 2, 7, 0, 1, ' '),
(24, '15:48:00.0000', 2, 7, 1, 0, ' '),
(25, '15:49:00.0000', 2, 7, 0, 1, ' '),
(26, '16:03:00.0000', 2, 7, 1, 0, ' '),
(27, '16:48:00.0000', 2, 7, 1, 0, ' '),
(28, '16:49:00.0000', 2, 7, 0, 1, ' '),
(29, '17:08:00.0000', 2, 7, 1, 0, ' '),
(30, '18:13:00.0000', 2, 7, 1, 1, ' '),
(15, '06:32:00.0000', 7, 7, 0, 1, ' '),
(6, '04:01:00.0000', 8, 15, 1, 1, ' '),
(7, '05:11:00.0000', 8, 15, 1, 1, ' '),
(8, '05:46:00.0000', 8, 15, 1, 1, ' '),
(9, '06:16:00.0000', 8, 15, 1, 1, ' '),
(10, '07:26:00.0000', 8, 15, 1, 1, ' '),
(11, '09:46:00.0000', 8, 15, 1, 1, ' '),
(12, '08:31:00.0000', 8, 15, 0, 1, 'по вс'),
(13, '10:21:00.0000', 8, 15, 1, 1, ' '),
(14, '11:26:00.0000', 8, 15, 1, 1, ' '),
(15, '13:06:00.0000', 8, 15, 1, 1, ' '),
(16, '14:16:00.0000', 8, 15, 1, 1, ' '),
(17, '15:01:00.0000', 8, 15, 0, 1, ' '),
(18, '15:11:00.0000', 8, 15, 1, 0, ' '),
(19, '15:41:00.0000', 8, 15, 0, 1, ' '),
(20, '15:51:00.0000', 8, 15, 1, 0, ' '),
(21, '16:21:00.0000', 8, 15, 0, 1, ' '),
(22, '17:46:00.0000', 8, 15, 1, 1, ' '),
(23, '18:51:00.0000', 8, 15, 1, 1, ' '),
(24, '19:51:00.0000', 8, 15, 1, 1, ' '),
(25, '20:46:00.0000', 8, 15, 1, 1, ' '),
(13, '04:01:00.0000', 8, 7, 1, 1, ' '),
(14, '05:08:00.0000', 8, 7, 1, 1, ' '),
(15, '05:43:00.0000', 8, 7, 1, 1, ' '),
(16, '06:13:00.0000', 8, 7, 1, 1, ' '),
(17, '08:18:00.0000', 8, 7, 0, 1, 'по вс'),
(18, '09:38:00.0000', 8, 7, 1, 1, ' '),
(19, '10:13:00.0000', 8, 7, 1, 1, ' '),
(20, '11:18:00.0000', 8, 7, 1, 1, ' '),
(21, '12:58:00.0000', 8, 7, 1, 1, ' '),
(22, '14:08:00.0000', 8, 7, 1, 1, ' '),
(23, '14:53:00.0000', 8, 7, 1, 1, ' '),
(24, '15:33:00.0000', 8, 7, 0, 1, ' '),
(25, '15:48:00.0000', 8, 7, 1, 0, ' '),
(26, '16:16:00.0000', 8, 7, 0, 1, ' '),
(27, '17:18:00.0000', 8, 7, 1, 1, ' '),
(28, '18:43:00.0000', 8, 7, 1, 1, ' '),
(29, '19:18:00.0000', 8, 7, 1, 1, ' '),
(30, '20:33:00.0000', 8, 7, 1, 1, ' '),
(33, '07:24:00.0000', 9, 7, 1, 1, ' '),
(34, '08:14:00.0000', 9, 7, 1, 1, ' '),
(35, '08:24:00.0000', 9, 7, 1, 1, 'кроме вс'),
(36, '09:54:00.0000', 9, 7, 1, 1, ' '),
(37, '15:04:00.0000', 9, 7, 1, 0, ' '),
(50, '09:01:00.0000', 9, 5, 1, 1, ' '),
(51, '18:31:00.0000', 9, 5, 1, 1, ' '),
(52, '08:31:00.0000', 9, 15, 1, 1, 'кроме вс'),
(31, '08:58:00.0000', 11, 7, 1, 0, ' '),
(32, '10:08:00.0000', 11, 7, 1, 0, ' '),
(33, '10:43:00.0000', 11, 7, 1, 1, ' '),
(34, '11:13:00.0000', 11, 7, 1, 0, ' '),
(35, '11:43:00.0000', 11, 7, 1, 1, ' '),
(36, '12:13:00.0000', 11, 7, 1, 0, ' '),
(37, '12:43:00.0000', 11, 7, 1, 1, ' '),
(38, '13:33:00.0000', 11, 7, 1, 1, ' '),
(39, '14:33:00.0000', 11, 7, 1, 1, ' '),
(40, '15:33:00.0000', 11, 7, 1, 1, ' '),
(41, '16:33:00.0000', 11, 7, 1, 1, ' '),
(42, '17:43:00.0000', 11, 7, 1, 1, ' '),
(43, '18:53:00.0000', 11, 7, 1, 1, ' '),
(44, '19:53:00.0000', 11, 7, 1, 1, ' '),
(53, '07:31:00.0000', 11, 4, 1, 1, ' '),
(54, '09:16:00.0000', 11, 4, 1, 0, ' '),
(55, '09:56:00.0000', 11, 4, 1, 1, ' '),
(56, '10:16:00.0000', 11, 4, 1, 0, ' '),
(57, '10:51:00.0000', 11, 4, 1, 1, ' '),
(58, '11:21:00.0000', 11, 4, 1, 0, ' '),
(59, '11:51:00.0000', 11, 4, 1, 1, ' '),
(60, '12:26:00.0000', 11, 4, 1, 0, ' '),
(61, '12:51:00.0000', 11, 4, 1, 1, ' '),
(62, '13:41:00.0000', 11, 4, 1, 1, ' '),
(63, '14:41:00.0000', 11, 4, 1, 1, ' '),
(64, '15:41:00.0000', 11, 4, 1, 1, ' '),
(65, '16:51:00.0000', 11, 4, 1, 1, ' '),
(66, '17:51:00.0000', 11, 4, 1, 1, ' '),
(67, '19:01:00.0000', 11, 4, 1, 1, ' '),
(68, '20:01:00.0000', 11, 4, 1, 1, ' '),
(69, '21:01:00.0000', 11, 1, 1, 1, ''),
(47, '06:53:00.0000', 13, 12, 1, 0, ' '),
(48, '07:28:00.0000', 13, 12, 1, 1, ' '),
(71, '06:55:00.0000', 13, 10, 1, 0, ' '),
(72, '07:30:00.0000', 13, 10, 1, 1, ' '),
(8, '07:19:00.0000', 13, 2, 1, 0, ' '),
(9, '07:34:00.0000', 13, 2, 1, 0, ' '),
(10, '13:09:00.0000', 13, 2, 1, 0, ' '),
(11, '16:44:00.0000', 13, 2, 1, 0, ' '),
(12, '17:09:00.0000', 13, 2, 1, 0, ' '),
(73, '07:21:00.0000', 13, 1, 1, 0, ' '),
(74, '07:36:00.0000', 13, 1, 1, 0, ' '),
(75, '13:11:00.0000', 13, 1, 1, 0, ' '),
(76, '16:46:00.0000', 13, 1, 1, 0, ' '),
(77, '17:11:00.0000', 13, 1, 1, 0, ' '),
(45, '17:29:00.0000', 14, 12, 1, 0, ' '),
(78, '17:31:00.0000', 14, 10, 1, 0, ' '),
(13, '07:19:00.0000', 14, 3, 1, 0, ' '),
(14, '07:54:00.0000', 14, 3, 1, 1, ' '),
(15, '08:24:00.0000', 14, 3, 1, 0, ' '),
(16, '09:04:00.0000', 14, 3, 0, 1, ' '),
(17, '12:14:00.0000', 14, 3, 1, 0, ' '),
(79, '07:21:00.0000', 14, 4, 1, 0, ' '),
(80, '07:56:00.0000', 14, 4, 1, 1, ' '),
(81, '08:26:00.0000', 14, 4, 1, 0, ' '),
(82, '09:06:00.0000', 14, 4, 1, 1, ' '),
(83, '12:16:00.0000', 14, 4, 1, 0, ' '),
(51, '15:23:00.0000', 16, 7, 0, 1, ' '),
(52, '16:23:00.0000', 16, 7, 0, 1, ' '),
(84, '06:31:00.0000', 16, 1, 1, 0, ' '),
(85, '06:41:00.0000', 16, 1, 0, 1, ' '),
(86, '08:26:00.0000', 16, 1, 1, 0, ' '),
(88, '16:31:00.0000', 16, 1, 0, 1, ' '),
(89, '20:36:00.0000', 16, 1, 1, 1, ' '),
(87, '15:31:00.0000', 16, 5, 0, 1, ''),
(70, '21:41:00.0000', 17, 1, 1, 1, ' '),
(40, '21:40:00.0000', 17, 7, 1, 1, ' '),
(88, '20:56:00.0000', 11, 7, 1, 1, ''),
(26, '22:41:00.0000', 8, 1, 1, 1, ' ');

-- --------------------------------------------------------

--
-- Структура таблицы `red_army`
--

CREATE TABLE `red_army` (
  `dep_id` int(11) NOT NULL,
  `departure` time(4) NOT NULL,
  `bus_id` int(11) NOT NULL,
  `dest_id` int(11) NOT NULL,
  `week_day` tinyint(1) NOT NULL,
  `day_off` tinyint(1) NOT NULL,
  `comment` varchar(25) DEFAULT NULL
) ENGINE=InnoDB DEFAULT CHARSET=utf8;

--
-- Дамп данных таблицы `red_army`
--

INSERT INTO `red_army` (`dep_id`, `departure`, `bus_id`, `dest_id`, `week_day`, `day_off`, `comment`) VALUES
(58, '07:56:00.0000', 9, 9, 1, 1, ' '),
(59, '09:36:00.0000', 9, 9, 1, 1, ' '),
(60, '14:46:00.0000', 9, 9, 1, 0, ' '),
(38, '09:23:00.0000', 9, 1, 1, 1, ' '),
(39, '18:49:00.0000', 9, 1, 1, 1, ' '),
(74, '08:41:00.0000', 11, 8, 1, 0, ' '),
(75, '09:51:00.0000', 11, 8, 1, 0, ' '),
(76, '10:26:00.0000', 11, 8, 1, 1, ' '),
(77, '10:56:00.0000', 11, 8, 1, 0, ' '),
(78, '11:26:00.0000', 11, 8, 1, 1, ' '),
(79, '11:56:00.0000', 11, 8, 1, 0, ' '),
(80, '12:26:00.0000', 11, 8, 1, 1, ' '),
(81, '13:16:00.0000', 11, 8, 1, 1, ' '),
(82, '14:16:00.0000', 11, 8, 1, 1, ' '),
(83, '15:16:00.0000', 11, 8, 1, 1, ' '),
(84, '16:16:00.0000', 11, 8, 1, 1, ' '),
(85, '17:26:00.0000', 11, 8, 1, 1, ' '),
(86, '18:36:00.0000', 11, 8, 1, 1, ' '),
(87, '19:36:00.0000', 11, 8, 1, 1, ' '),
(74, '07:53:00.0000', 11, 1, 1, 1, ' '),
(75, '09:38:00.0000', 11, 1, 1, 0, ' '),
(76, '10:14:00.0000', 11, 1, 1, 1, ' '),
(77, '10:38:00.0000', 11, 1, 1, 0, ' '),
(78, '11:13:00.0000', 11, 1, 1, 1, ' '),
(79, '11:43:00.0000', 11, 1, 1, 0, ' '),
(80, '12:13:00.0000', 11, 1, 1, 1, ' '),
(81, '12:48:00.0000', 11, 1, 1, 0, ' '),
(82, '13:13:00.0000', 11, 1, 1, 1, ' '),
(83, '14:03:00.0000', 11, 1, 1, 1, ' '),
(84, '15:03:00.0000', 11, 1, 1, 1, ' '),
(85, '16:03:00.0000', 11, 1, 1, 1, ' '),
(86, '17:13:00.0000', 11, 1, 1, 1, ' '),
(87, '18:13:00.0000', 11, 1, 1, 1, ' '),
(88, '19:23:00.0000', 11, 1, 1, 1, ' '),
(89, '20:23:00.0000', 11, 1, 1, 1, ' '),
(69, '21:13:00.0000', 11, 1, 1, 1, ''),
(1, '07:40:00.0000', 12, 17, 1, 1, 'кроме вс'),
(2, '17:45:00.0000', 12, 17, 1, 0, ' '),
(14, '17:15:00.0000', 12, 18, 1, 0, ' '),
(54, '07:25:00.0000', 18, 10, 1, 0, ' '),
(55, '16:20:00.0000', 18, 22, 1, 0, ''),
(41, '08:28:00.0000', 18, 1, 1, 1, ' '),
(19, '17:08:00.0000', 18, 1, 1, 0, ' '),
(88, '20:46:00.0000', 11, 7, 1, 1, '');

-- --------------------------------------------------------

--
-- Структура таблицы `rw_station`
--

CREATE TABLE `rw_station` (
  `dep_id` int(11) NOT NULL,
  `departure` time(4) NOT NULL,
  `bus_id` int(11) NOT NULL,
  `dest_id` int(11) NOT NULL,
  `week_day` tinyint(1) NOT NULL,
  `day_off` tinyint(1) NOT NULL,
  `comment` varchar(25) DEFAULT NULL
) ENGINE=InnoDB DEFAULT CHARSET=utf8;

--
-- Дамп данных таблицы `rw_station`
--

INSERT INTO `rw_station` (`dep_id`, `departure`, `bus_id`, `dest_id`, `week_day`, `day_off`, `comment`) VALUES
(1, '05:15:00.0000', 3, 6, 1, 1, ' '),
(2, '06:40:00.0000', 3, 6, 1, 1, ' '),
(3, '07:10:00.0000', 3, 6, 1, 1, ' '),
(4, '07:55:00.0000', 3, 6, 1, 1, ' '),
(5, '09:25:00.0000', 3, 6, 1, 1, ' '),
(6, '10:10:00.0000', 3, 6, 1, 1, ' '),
(7, '11:10:00.0000', 3, 6, 1, 1, ' '),
(8, '12:20:00.0000', 3, 6, 1, 1, ' '),
(9, '13:05:00.0000', 3, 6, 1, 1, ' '),
(10, '17:05:00.0000', 3, 6, 1, 1, ' '),
(11, '18:00:00.0000', 3, 6, 1, 1, ' '),
(12, '19:10:00.0000', 3, 6, 1, 1, ' '),
(13, '03:48:00.0000', 8, 7, 1, 1, ' '),
(14, '04:55:00.0000', 8, 7, 1, 1, ' '),
(15, '05:30:00.0000', 8, 7, 1, 1, ' '),
(16, '06:00:00.0000', 8, 7, 1, 0, ' '),
(17, '08:05:00.0000', 8, 7, 0, 1, 'по вс'),
(18, '09:25:00.0000', 8, 7, 1, 1, ' '),
(19, '10:10:00.0000', 8, 7, 1, 1, ' '),
(20, '11:10:00.0000', 8, 7, 1, 1, ' '),
(21, '12:45:00.0000', 8, 7, 1, 1, ' '),
(22, '13:55:00.0000', 8, 7, 1, 1, ' '),
(23, '14:40:00.0000', 8, 7, 1, 1, ' '),
(24, '15:20:00.0000', 8, 7, 0, 1, ' '),
(25, '15:35:00.0000', 8, 7, 1, 0, ' '),
(26, '16:03:00.0000', 8, 7, 0, 1, ' '),
(27, '17:05:00.0000', 8, 7, 1, 1, ' '),
(28, '18:30:00.0000', 8, 7, 1, 1, ' '),
(29, '19:05:00.0000', 8, 7, 1, 1, ' '),
(30, '20:20:00.0000', 8, 7, 1, 1, ' '),
(31, '22:09:00.0000', 8, 21, 1, 1, ''),
(32, '15:45:00.0000', 16, 1, 0, 1, ' '),
(33, '07:15:00.0000', 9, 7, 1, 1, ' '),
(34, '08:05:00.0000', 9, 7, 1, 1, ' '),
(35, '08:15:00.0000', 9, 7, 1, 1, 'кроме вс'),
(36, '09:45:00.0000', 9, 7, 1, 1, ' '),
(37, '14:55:00.0000', 9, 7, 1, 0, ' '),
(38, '09:15:00.0000', 9, 1, 1, 1, ' '),
(39, '18:45:00.0000', 9, 1, 1, 1, ' '),
(40, '21:30:00.0000', 17, 7, 1, 1, ' '),
(41, '08:20:00.0000', 18, 1, 1, 1, ' '),
(42, '16:30:00.0000', 18, 10, 1, 0, ' '),
(43, '04:58:00.0000', 10, 1, 1, 1, ' '),
(44, '05:43:00.0000', 10, 1, 1, 1, ' '),
(45, '06:23:00.0000', 10, 1, 1, 1, ' '),
(46, '07:03:00.0000', 10, 1, 1, 0, ' '),
(47, '07:13:00.0000', 10, 1, 0, 1, ' '),
(48, '11:48:00.0000', 10, 1, 1, 0, ' '),
(49, '13:03:00.0000', 10, 1, 1, 0, ' '),
(50, '17:18:00.0000', 10, 1, 1, 0, ' '),
(51, '19:13:00.0000', 10, 1, 1, 1, ' '),
(52, '20:18:00.0000', 10, 1, 1, 1, ' '),
(53, '21:13:00.0000', 10, 1, 1, 1, ' '),
(54, '23:13:00.0000', 10, 1, 1, 1, ' '),
(55, '04:32:00.0000', 10, 17, 1, 1, ' '),
(56, '05:32:00.0000', 10, 17, 1, 1, ' '),
(57, '06:17:00.0000', 10, 17, 1, 1, ' '),
(58, '06:57:00.0000', 10, 17, 1, 1, ' '),
(59, '07:47:00.0000', 10, 17, 1, 0, ' '),
(60, '07:52:00.0000', 10, 17, 0, 1, ' '),
(61, '12:37:00.0000', 10, 17, 1, 0, ' '),
(62, '14:00:00.0000', 10, 17, 1, 0, ' '),
(63, '17:52:00.0000', 10, 17, 1, 0, ' '),
(64, '19:49:00.0000', 10, 17, 1, 1, ' '),
(65, '20:54:00.0000', 10, 17, 1, 1, ' '),
(66, '21:46:00.0000', 10, 17, 1, 1, ' '),
(74, '06:05:00.0000', 8, 7, 0, 1, NULL);

-- --------------------------------------------------------

--
-- Структура таблицы `sadovaya`
--

CREATE TABLE `sadovaya` (
  `dep_id` int(11) NOT NULL,
  `departure` time(4) NOT NULL,
  `bus_id` int(11) NOT NULL,
  `dest_id` int(11) NOT NULL,
  `week_day` tinyint(1) NOT NULL,
  `day_off` tinyint(1) NOT NULL,
  `comment` varchar(25) DEFAULT NULL
) ENGINE=InnoDB DEFAULT CHARSET=utf8;

--
-- Дамп данных таблицы `sadovaya`
--

INSERT INTO `sadovaya` (`dep_id`, `departure`, `bus_id`, `dest_id`, `week_day`, `day_off`, `comment`) VALUES
(47, '10:22:00.0000', 1, 1, 1, 1, ' '),
(48, '11:22:00.0000', 1, 1, 1, 1, ' '),
(49, '12:22:00.0000', 1, 1, 0, 1, ' '),
(50, '14:07:00.0000', 1, 1, 1, 1, ' '),
(51, '18:22:00.0000', 1, 1, 1, 1, ' '),
(57, '08:38:00.0000', 2, 1, 1, 0, ' '),
(58, '08:53:00.0000', 2, 1, 0, 1, ' '),
(59, '09:09:00.0000', 2, 1, 1, 0, ' '),
(60, '09:48:00.0000', 2, 1, 1, 1, ' '),
(61, '10:08:00.0000', 2, 1, 1, 0, ' '),
(62, '10:53:00.0000', 2, 1, 1, 1, ' '),
(63, '11:53:00.0000', 2, 1, 1, 1, ' '),
(64, '12:33:00.0000', 2, 1, 1, 0, ' '),
(65, '13:28:00.0000', 2, 1, 1, 0, ' '),
(66, '14:23:00.0000', 2, 1, 1, 1, ' '),
(67, '14:38:00.0000', 2, 1, 1, 0, ' '),
(68, '15:23:00.0000', 2, 1, 1, 1, ' '),
(69, '16:08:00.0000', 2, 1, 1, 0, ' '),
(70, '16:23:00.0000', 2, 1, 1, 1, ' '),
(71, '16:38:00.0000', 2, 1, 1, 0, ' '),
(72, '17:23:00.0000', 2, 1, 1, 1, ' '),
(73, '17:43:00.0000', 2, 1, 1, 0, ' '),
(1, '05:37:00.0000', 3, 1, 1, 1, ' '),
(2, '07:02:00.0000', 3, 1, 1, 1, ' '),
(3, '07:32:00.0000', 3, 1, 1, 1, ' '),
(4, '08:17:00.0000', 3, 1, 1, 1, ' '),
(5, '09:47:00.0000', 3, 1, 1, 1, ' '),
(6, '10:32:00.0000', 3, 1, 1, 1, ' '),
(7, '11:32:00.0000', 3, 1, 1, 1, ' '),
(8, '12:42:00.0000', 3, 1, 1, 1, ' '),
(9, '13:52:00.0000', 3, 1, 1, 1, ' '),
(10, '17:32:00.0000', 3, 1, 1, 1, ' '),
(11, '18:27:00.0000', 3, 1, 1, 1, ' '),
(3, '08:57:00.0000', 5, 20, 1, 0, ''),
(4, '14:22:00.0000', 5, 20, 1, 0, ''),
(1, '07:48:00.0000', 5, 1, 1, 0, ' '),
(2, '13:08:00.0000', 5, 1, 1, 0, ' '),
(10, '12:10:00.0000', 6, 1, 1, 1, ' '),
(11, '13:30:00.0000', 6, 1, 0, 1, ' '),
(1, '13:22:00.0000', 7, 1, 0, 1, ' '),
(2, '14:57:00.0000', 7, 1, 1, 1, ' '),
(3, '15:57:00.0000', 7, 1, 1, 0, ' '),
(4, '16:57:00.0000', 7, 1, 1, 0, ' '),
(5, '18:07:00.0000', 7, 1, 1, 0, ' '),
(6, '18:57:00.0000', 7, 1, 1, 1, ' '),
(7, '19:57:00.0000', 7, 1, 1, 1, ' '),
(14, '06:31:00.0000', 7, 1, 1, 0, ' '),
(16, '10:21:00.0000', 7, 1, 0, 1, ' '),
(31, '22:14:00.0000', 8, 21, 1, 1, ''),
(2, '05:09:00.0000', 10, 1, 1, 1, ' '),
(3, '05:54:00.0000', 10, 1, 1, 1, ' '),
(4, '06:34:00.0000', 10, 1, 1, 1, ' '),
(5, '07:14:00.0000', 10, 1, 1, 0, ' '),
(6, '07:24:00.0000', 10, 1, 0, 1, ' '),
(7, '11:59:00.0000', 10, 1, 1, 0, ' '),
(8, '13:14:00.0000', 10, 1, 1, 0, ' '),
(9, '17:29:00.0000', 10, 1, 1, 0, ' '),
(10, '19:24:00.0000', 10, 1, 1, 1, ' '),
(11, '20:29:00.0000', 10, 1, 1, 1, ' '),
(12, '21:24:00.0000', 10, 1, 1, 1, ' '),
(13, '23:24:00.0000', 10, 1, 1, 1, ' '),
(73, '07:32:00.0000', 13, 1, 1, 0, ' '),
(74, '07:47:00.0000', 13, 1, 1, 0, ' '),
(75, '13:22:00.0000', 13, 1, 1, 0, ' '),
(76, '16:57:00.0000', 13, 1, 1, 0, ' '),
(77, '17:22:00.0000', 13, 1, 1, 0, ' '),
(52, '07:42:00.0000', 14, 1, 1, 0, ' '),
(53, '08:15:00.0000', 14, 1, 1, 1, ' '),
(54, '08:45:00.0000', 14, 1, 1, 0, ' '),
(55, '09:25:00.0000', 14, 1, 1, 1, ' '),
(56, '12:35:00.0000', 14, 1, 1, 0, ' '),
(84, '06:47:00.0000', 16, 1, 1, 0, ' '),
(85, '06:57:00.0000', 16, 1, 0, 1, ' '),
(86, '08:42:00.0000', 16, 1, 1, 0, ' '),
(88, '16:47:00.0000', 16, 1, 0, 1, ' '),
(89, '20:52:00.0000', 16, 1, 1, 1, ' '),
(32, '15:55:00.0000', 16, 1, 0, 1, ' '),
(70, '21:55:00.0000', 17, 1, 1, 1, ' '),
(26, '22:57:00.0000', 8, 1, 1, 1, ' ');

-- --------------------------------------------------------

--
-- Структура таблицы `saz`
--

CREATE TABLE `saz` (
  `dep_id` int(11) NOT NULL,
  `departure` time(4) NOT NULL,
  `bus_id` int(11) NOT NULL,
  `dest_id` int(11) NOT NULL,
  `week_day` tinyint(1) NOT NULL,
  `day_off` tinyint(1) NOT NULL,
  `comment` varchar(25) DEFAULT NULL,
  `regular_route` tinyint(1) NOT NULL DEFAULT 1
) ENGINE=InnoDB DEFAULT CHARSET=utf8;

--
-- Дамп данных таблицы `saz`
--

INSERT INTO `saz` (`dep_id`, `departure`, `bus_id`, `dest_id`, `week_day`, `day_off`, `comment`, `regular_route`) VALUES
(1, '13:00:00.0000', 7, 1, 0, 1, ' ', 1),
(2, '14:35:00.0000', 7, 1, 1, 1, ' ', 1),
(3, '15:35:00.0000', 7, 1, 1, 0, ' ', 1),
(5, '17:40:00.0000', 7, 1, 1, 0, ' ', 1),
(6, '18:35:00.0000', 7, 1, 1, 1, ' ', 1),
(7, '19:35:00.0000', 7, 1, 1, 1, ' ', 1),
(8, '07:10:00.0000', 13, 2, 1, 0, ' ', 1),
(9, '07:25:00.0000', 13, 2, 1, 0, ' ', 1),
(10, '13:00:00.0000', 13, 2, 1, 0, ' ', 1),
(11, '16:35:00.0000', 13, 2, 1, 0, ' ', 1),
(12, '17:00:00.0000', 13, 2, 1, 0, ' ', 1),
(13, '07:10:00.0000', 14, 3, 1, 0, ' ', 1),
(14, '07:45:00.0000', 14, 3, 1, 1, ' ', 1),
(15, '08:25:00.0000', 14, 3, 1, 0, ' ', 1),
(16, '08:55:00.0000', 14, 3, 1, 1, ' ', 1),
(17, '12:05:00.0000', 14, 3, 1, 0, ' ', 1),
(18, '08:05:00.0000', 18, 5, 1, 0, ' ', 1),
(19, '16:50:00.0000', 18, 1, 1, 0, ' ', 1);

-- --------------------------------------------------------

--
-- Структура таблицы `school_1`
--

CREATE TABLE `school_1` (
  `dep_id` int(11) NOT NULL,
  `departure` time(4) NOT NULL,
  `bus_id` int(11) NOT NULL,
  `dest_id` int(11) NOT NULL,
  `week_day` tinyint(1) NOT NULL,
  `day_off` tinyint(1) NOT NULL,
  `comment` varchar(25) DEFAULT NULL
) ENGINE=InnoDB DEFAULT CHARSET=utf8;

--
-- Дамп данных таблицы `school_1`
--

INSERT INTO `school_1` (`dep_id`, `departure`, `bus_id`, `dest_id`, `week_day`, `day_off`, `comment`) VALUES
(1, '07:56:00.0000', 1, 7, 1, 0, ' '),
(2, '09:46:00.0000', 1, 7, 1, 1, ' '),
(3, '10:46:00.0000', 1, 7, 1, 1, ' '),
(4, '11:46:00.0000', 1, 7, 0, 1, ' '),
(5, '13:06:00.0000', 1, 7, 1, 1, ' '),
(6, '17:46:00.0000', 1, 7, 1, 1, ' '),
(7, '20:26:00.0000', 1, 7, 1, 1, ' '),
(8, '07:36:00.0000', 2, 7, 1, 1, ' '),
(9, '08:26:00.0000', 2, 7, 1, 0, ' '),
(10, '08:27:00.0000', 2, 7, 0, 1, ' '),
(11, '09:11:00.0000', 2, 7, 1, 0, ' '),
(12, '09:12:00.0000', 2, 7, 0, 1, ' '),
(13, '09:31:00.0000', 2, 7, 1, 0, ' '),
(14, '10:11:00.0000', 2, 7, 1, 0, ' '),
(15, '10:12:00.0000', 2, 7, 0, 1, ' '),
(16, '11:11:00.0000', 2, 7, 1, 0, ' '),
(17, '11:12:00.0000', 2, 7, 0, 1, ' '),
(18, '11:51:00.0000', 2, 7, 1, 0, ' '),
(19, '12:51:00.0000', 2, 7, 1, 0, ' '),
(20, '13:42:00.0000', 2, 7, 1, 1, ' '),
(21, '14:01:00.0000', 2, 7, 1, 0, ' '),
(22, '14:41:00.0000', 2, 7, 1, 0, ' '),
(23, '14:42:00.0000', 2, 7, 0, 1, ' '),
(24, '15:41:00.0000', 2, 7, 1, 0, ' '),
(25, '15:42:00.0000', 2, 7, 0, 1, ' '),
(26, '15:56:00.0000', 2, 7, 1, 0, ' '),
(27, '16:41:00.0000', 2, 7, 1, 0, ' '),
(28, '16:42:00.0000', 2, 7, 0, 1, ' '),
(29, '17:01:00.0000', 2, 7, 1, 0, ' '),
(30, '18:06:00.0000', 2, 7, 1, 1, ' '),
(38, '06:44:00.0000', 7, 10, 1, 0, ' '),
(39, '07:54:00.0000', 7, 10, 1, 0, ' '),
(40, '08:34:00.0000', 7, 10, 1, 1, ' '),
(41, '12:39:00.0000', 7, 10, 1, 1, ' '),
(42, '14:09:00.0000', 7, 10, 1, 1, ' '),
(43, '15:14:00.0000', 7, 10, 1, 0, ' '),
(44, '16:14:00.0000', 7, 10, 1, 0, ' '),
(45, '18:14:00.0000', 7, 10, 1, 1, ' '),
(46, '19:14:00.0000', 7, 10, 1, 1, ' '),
(15, '06:23:00.0000', 7, 7, 0, 1, ' '),
(6, '04:12:00.0000', 8, 15, 1, 1, ' '),
(7, '05:22:00.0000', 8, 15, 1, 1, ' '),
(8, '05:57:00.0000', 8, 15, 1, 1, ' '),
(9, '06:27:00.0000', 8, 15, 1, 1, ' '),
(10, '07:37:00.0000', 8, 15, 1, 1, ' '),
(11, '09:57:00.0000', 8, 15, 1, 1, ' '),
(12, '08:42:00.0000', 8, 15, 0, 1, 'по вс'),
(13, '10:32:00.0000', 8, 15, 1, 1, ' '),
(14, '11:37:00.0000', 8, 15, 1, 1, ' '),
(15, '13:17:00.0000', 8, 15, 1, 1, ' '),
(16, '14:27:00.0000', 8, 15, 1, 1, ' '),
(17, '15:12:00.0000', 8, 15, 0, 1, ' '),
(18, '15:22:00.0000', 8, 15, 1, 0, ' '),
(19, '15:52:00.0000', 8, 15, 0, 1, ' '),
(20, '16:02:00.0000', 8, 15, 1, 0, ' '),
(21, '16:32:00.0000', 8, 15, 0, 1, ' '),
(22, '17:57:00.0000', 8, 15, 1, 1, ' '),
(23, '19:02:00.0000', 8, 15, 1, 1, ' '),
(24, '20:02:00.0000', 8, 15, 1, 1, ' '),
(25, '20:57:00.0000', 8, 15, 1, 1, ' '),
(13, '03:54:00.0000', 8, 7, 1, 1, ' '),
(14, '05:01:00.0000', 8, 7, 1, 1, ' '),
(15, '05:36:00.0000', 8, 7, 1, 1, ' '),
(16, '06:06:00.0000', 8, 7, 1, 1, ' '),
(17, '08:11:00.0000', 8, 7, 0, 1, 'по вс'),
(18, '09:31:00.0000', 8, 7, 1, 1, ' '),
(19, '10:06:00.0000', 8, 7, 1, 1, ' '),
(20, '11:11:00.0000', 8, 7, 1, 1, ' '),
(21, '12:51:00.0000', 8, 7, 1, 1, ' '),
(22, '14:01:00.0000', 8, 7, 1, 1, ' '),
(23, '14:46:00.0000', 8, 7, 1, 1, ' '),
(24, '15:26:00.0000', 8, 7, 0, 1, ' '),
(25, '15:41:00.0000', 8, 7, 1, 0, ' '),
(26, '16:09:00.0000', 8, 7, 0, 1, ' '),
(27, '17:11:00.0000', 8, 7, 1, 1, ' '),
(28, '18:36:00.0000', 8, 7, 1, 1, ' '),
(29, '19:11:00.0000', 8, 7, 1, 1, ' '),
(30, '20:26:00.0000', 8, 7, 1, 1, ' '),
(56, '22:31:00.0000', 8, 7, 1, 1, ' '),
(57, '23:41:00.0000', 8, 7, 1, 1, ' '),
(58, '08:02:00.0000', 9, 9, 1, 1, ' '),
(59, '09:42:00.0000', 9, 9, 1, 1, ' '),
(60, '14:52:00.0000', 9, 9, 1, 0, ' '),
(33, '07:18:00.0000', 9, 7, 1, 1, ' '),
(34, '08:08:00.0000', 9, 7, 1, 1, ' '),
(35, '08:18:00.0000', 9, 7, 1, 1, 'кроме вс'),
(36, '09:48:00.0000', 9, 7, 1, 1, ' '),
(37, '14:58:00.0000', 9, 7, 1, 0, ' '),
(50, '09:08:00.0000', 9, 5, 1, 1, ' '),
(51, '18:38:00.0000', 9, 5, 1, 1, ' '),
(52, '08:38:00.0000', 9, 15, 1, 1, 'кроме вс'),
(61, '04:26:00.0000', 10, 17, 1, 1, ' '),
(62, '05:26:00.0000', 10, 17, 1, 1, ' '),
(63, '06:11:00.0000', 10, 17, 1, 1, ' '),
(64, '06:51:00.0000', 10, 17, 1, 1, ' '),
(65, '07:41:00.0000', 10, 17, 1, 0, ' '),
(66, '07:46:00.0000', 10, 17, 0, 1, ' '),
(67, '12:31:00.0000', 10, 17, 1, 0, ' '),
(68, '13:56:00.0000', 10, 17, 1, 0, ' '),
(69, '17:46:00.0000', 10, 17, 1, 0, ' '),
(70, '19:41:00.0000', 10, 17, 1, 1, ' '),
(71, '20:46:00.0000', 10, 17, 1, 1, ' '),
(72, '21:41:00.0000', 10, 17, 1, 1, ' '),
(31, '08:54:00.0000', 11, 7, 1, 0, ' '),
(32, '10:04:00.0000', 11, 7, 1, 0, ' '),
(33, '10:39:00.0000', 11, 7, 1, 1, ' '),
(34, '11:09:00.0000', 11, 7, 1, 0, ' '),
(35, '11:39:00.0000', 11, 7, 1, 1, ' '),
(36, '12:09:00.0000', 11, 7, 1, 0, ' '),
(37, '12:39:00.0000', 11, 7, 1, 1, ' '),
(38, '13:29:00.0000', 11, 7, 1, 1, ' '),
(39, '14:29:00.0000', 11, 7, 1, 1, ' '),
(40, '15:29:00.0000', 11, 7, 1, 1, ' '),
(41, '16:29:00.0000', 11, 7, 1, 1, ' '),
(42, '17:39:00.0000', 11, 7, 1, 1, ' '),
(43, '18:49:00.0000', 11, 7, 1, 1, ' '),
(44, '19:49:00.0000', 11, 7, 1, 1, ' '),
(88, '20:50:00.0000', 11, 7, 1, 1, ''),
(47, '06:44:00.0000', 13, 12, 1, 0, ' '),
(48, '07:19:00.0000', 13, 12, 1, 1, ' '),
(45, '17:19:00.0000', 14, 12, 1, 0, ' '),
(46, '11:46:00.0000', 15, 10, 1, 0, ' '),
(51, '15:15:00.0000', 16, 7, 0, 1, ' '),
(52, '16:15:00.0000', 16, 7, 0, 1, ' '),
(87, '15:42:00.0000', 16, 5, 0, 1, ''),
(55, '16:27:00.0000', 18, 22, 1, 0, ''),
(54, '07:32:00.0000', 18, 10, 1, 0, ' '),
(42, '16:33:00.0000', 18, 10, 1, 0, ' '),
(18, '08:17:00.0000', 18, 5, 1, 0, ' '),
(53, '21:27:00.0000', 17, 9, 1, 1, ''),
(40, '21:34:00.0000', 17, 7, 1, 1, ' ');

-- --------------------------------------------------------

--
-- Структура таблицы `school_2`
--

CREATE TABLE `school_2` (
  `dep_id` int(11) NOT NULL,
  `departure` time(4) NOT NULL,
  `bus_id` int(11) NOT NULL,
  `dest_id` int(11) NOT NULL,
  `week_day` tinyint(1) NOT NULL,
  `day_off` tinyint(1) NOT NULL,
  `comment` varchar(25) DEFAULT NULL
) ENGINE=InnoDB DEFAULT CHARSET=utf8;

--
-- Дамп данных таблицы `school_2`
--

INSERT INTO `school_2` (`dep_id`, `departure`, `bus_id`, `dest_id`, `week_day`, `day_off`, `comment`) VALUES
(1, '07:44:00.0000', 1, 8, 1, 0, ' '),
(2, '09:34:00.0000', 1, 8, 1, 1, ' '),
(3, '10:34:00.0000', 1, 8, 1, 1, ' '),
(4, '11:34:00.0000', 1, 8, 0, 1, ' '),
(5, '12:54:00.0000', 1, 8, 1, 1, ' '),
(6, '17:34:00.0000', 1, 8, 1, 1, ' '),
(7, '20:14:00.0000', 1, 8, 1, 1, ' '),
(8, '07:28:00.0000', 2, 8, 1, 1, ' '),
(9, '08:18:00.0000', 2, 8, 1, 1, ' '),
(10, '09:03:00.0000', 2, 8, 1, 1, ' '),
(11, '09:23:00.0000', 2, 8, 1, 0, ' '),
(12, '10:03:00.0000', 2, 8, 1, 1, ' '),
(13, '11:03:00.0000', 2, 8, 1, 1, ' '),
(14, '11:43:00.0000', 2, 8, 1, 0, ' '),
(15, '12:43:00.0000', 2, 8, 1, 0, ' '),
(16, '13:33:00.0000', 2, 8, 1, 1, ' '),
(17, '13:53:00.0000', 2, 8, 1, 0, ' '),
(18, '14:33:00.0000', 2, 8, 1, 1, ' '),
(19, '15:33:00.0000', 2, 8, 1, 1, ' '),
(20, '15:48:00.0000', 2, 8, 1, 0, ' '),
(21, '16:33:00.0000', 2, 8, 1, 1, ' '),
(22, '16:53:00.0000', 2, 8, 1, 0, ' '),
(23, '17:58:00.0000', 2, 8, 1, 1, ' '),
(1, '05:25:00.0000', 3, 6, 1, 1, ' '),
(2, '06:50:00.0000', 3, 6, 1, 1, ' '),
(3, '07:20:00.0000', 3, 6, 1, 1, ' '),
(4, '08:05:00.0000', 3, 6, 1, 1, ' '),
(5, '09:35:00.0000', 3, 6, 1, 1, ' '),
(6, '10:20:00.0000', 3, 6, 1, 1, ' '),
(7, '11:20:00.0000', 3, 6, 1, 1, ' '),
(8, '12:30:00.0000', 3, 6, 1, 1, ' '),
(9, '13:15:00.0000', 3, 6, 1, 1, ' '),
(10, '17:15:00.0000', 3, 6, 1, 1, ' '),
(11, '18:10:00.0000', 3, 6, 1, 1, ' '),
(12, '19:20:00.0000', 3, 6, 1, 1, ' '),
(24, '05:44:00.0000', 3, 15, 1, 1, ' '),
(25, '07:39:00.0000', 3, 15, 1, 1, ' '),
(26, '08:24:00.0000', 3, 15, 1, 1, ' '),
(27, '09:54:00.0000', 3, 15, 1, 1, ' '),
(28, '10:39:00.0000', 3, 15, 1, 1, ' '),
(29, '11:39:00.0000', 3, 15, 1, 1, ' '),
(30, '12:49:00.0000', 3, 15, 1, 1, ' '),
(31, '17:39:00.0000', 3, 15, 1, 1, ' '),
(32, '19:24:00.0000', 3, 15, 1, 1, 'через ул. Каминского'),
(36, '12:49:00.0000', 6, 13, 1, 1, ' '),
(37, '13:49:00.0000', 6, 13, 0, 1, ' '),
(38, '06:39:00.0000', 7, 10, 1, 0, ' '),
(39, '07:49:00.0000', 7, 10, 1, 0, ' '),
(40, '08:29:00.0000', 7, 10, 1, 1, ' '),
(41, '12:34:00.0000', 7, 10, 1, 1, ' '),
(42, '14:04:00.0000', 7, 10, 1, 1, ' '),
(43, '15:09:00.0000', 7, 10, 1, 0, ' '),
(44, '16:09:00.0000', 7, 10, 1, 0, ' '),
(45, '18:09:00.0000', 7, 10, 1, 1, ' '),
(46, '19:09:00.0000', 7, 10, 1, 1, ' '),
(56, '22:28:00.0000', 8, 7, 1, 1, ' '),
(57, '23:38:00.0000', 8, 7, 1, 1, ' '),
(61, '04:21:00.0000', 10, 17, 1, 1, ' '),
(62, '05:21:00.0000', 10, 17, 1, 1, ' '),
(63, '06:06:00.0000', 10, 17, 1, 1, ' '),
(64, '06:46:00.0000', 10, 17, 1, 1, ' '),
(65, '07:36:00.0000', 10, 17, 1, 0, ' '),
(66, '07:41:00.0000', 10, 17, 0, 1, ' '),
(67, '12:26:00.0000', 10, 17, 1, 0, ' '),
(68, '13:51:00.0000', 10, 17, 1, 0, ' '),
(69, '17:41:00.0000', 10, 17, 1, 0, ' '),
(70, '19:36:00.0000', 10, 17, 1, 1, ' '),
(71, '20:41:00.0000', 10, 17, 1, 1, ' '),
(72, '21:36:00.0000', 10, 17, 1, 1, ' '),
(1, '07:30:00.0000', 12, 17, 1, 1, 'кроме вс'),
(2, '17:35:00.0000', 12, 17, 1, 0, ' '),
(14, '17:24:00.0000', 12, 18, 1, 0, ' '),
(47, '06:39:00.0000', 13, 12, 1, 0, ' '),
(48, '07:14:00.0000', 13, 12, 1, 1, ' '),
(49, '17:09:00.0000', 14, 11, 1, 0, ' '),
(50, '11:34:00.0000', 15, 19, 1, 0, ' '),
(51, '15:09:00.0000', 16, 7, 0, 1, ' '),
(52, '16:09:00.0000', 16, 7, 0, 1, ' ');

-- --------------------------------------------------------

--
-- Структура таблицы `school_3`
--

CREATE TABLE `school_3` (
  `dep_id` int(11) NOT NULL,
  `departure` time(4) NOT NULL,
  `bus_id` int(11) NOT NULL,
  `dest_id` int(11) NOT NULL,
  `week_day` tinyint(1) NOT NULL,
  `day_off` tinyint(1) NOT NULL,
  `comment` varchar(25) DEFAULT NULL
) ENGINE=InnoDB DEFAULT CHARSET=utf8;

--
-- Дамп данных таблицы `school_3`
--

INSERT INTO `school_3` (`dep_id`, `departure`, `bus_id`, `dest_id`, `week_day`, `day_off`, `comment`) VALUES
(1, '05:17:00.0000', 3, 6, 1, 1, ' '),
(2, '06:42:00.0000', 3, 6, 1, 1, ' '),
(3, '07:12:00.0000', 3, 6, 1, 1, ' '),
(4, '07:57:00.0000', 3, 6, 1, 1, ' '),
(5, '09:27:00.0000', 3, 6, 1, 1, ' '),
(6, '10:12:00.0000', 3, 6, 1, 1, ' '),
(7, '11:12:00.0000', 3, 6, 1, 1, ' '),
(8, '12:22:00.0000', 3, 6, 1, 1, ' '),
(9, '13:07:00.0000', 3, 6, 1, 1, ' '),
(10, '17:07:00.0000', 3, 6, 1, 1, ' '),
(11, '18:02:00.0000', 3, 6, 1, 1, ' '),
(12, '19:12:00.0000', 3, 6, 1, 1, ' '),
(24, '05:52:00.0000', 3, 15, 1, 1, ' '),
(25, '07:47:00.0000', 3, 15, 1, 1, ' '),
(26, '08:32:00.0000', 3, 15, 1, 1, ' '),
(27, '10:02:00.0000', 3, 15, 1, 1, ' '),
(28, '10:47:00.0000', 3, 15, 1, 1, ' '),
(29, '11:47:00.0000', 3, 15, 1, 1, ' '),
(30, '12:57:00.0000', 3, 15, 1, 1, ' '),
(31, '17:47:00.0000', 3, 15, 1, 1, ' '),
(32, '19:32:00.0000', 3, 15, 1, 1, 'через ул. Каминского'),
(3, '08:48:00.0000', 5, 20, 1, 0, ''),
(4, '14:13:00.0000', 5, 20, 1, 0, ''),
(1, '07:39:00.0000', 5, 1, 1, 0, ' '),
(2, '12:59:00.0000', 5, 1, 1, 0, ' '),
(5, '18:08:00.0000', 5, 13, 1, 0, ' '),
(9, '12:37:00.0000', 5, 16, 1, 0, ' '),
(10, '12:02:00.0000', 6, 1, 1, 1, ' '),
(11, '13:22:00.0000', 6, 1, 0, 1, ' '),
(36, '12:57:00.0000', 6, 13, 1, 1, ' '),
(37, '13:57:00.0000', 6, 13, 0, 1, ' ');

-- --------------------------------------------------------

--
-- Структура таблицы `school_7`
--

CREATE TABLE `school_7` (
  `dep_id` int(11) NOT NULL,
  `departure` time(4) NOT NULL,
  `bus_id` int(11) NOT NULL,
  `dest_id` int(11) NOT NULL,
  `week_day` tinyint(1) NOT NULL,
  `day_off` tinyint(1) NOT NULL,
  `comment` varchar(25) DEFAULT NULL
) ENGINE=InnoDB DEFAULT CHARSET=utf8;

--
-- Дамп данных таблицы `school_7`
--

INSERT INTO `school_7` (`dep_id`, `departure`, `bus_id`, `dest_id`, `week_day`, `day_off`, `comment`) VALUES
(58, '07:52:00.0000', 9, 9, 1, 1, ' '),
(59, '09:32:00.0000', 9, 9, 1, 1, ' '),
(60, '14:42:00.0000', 9, 9, 1, 0, ' '),
(38, '09:25:00.0000', 9, 1, 1, 1, ' '),
(39, '18:51:00.0000', 9, 1, 1, 1, ' '),
(1, '07:37:00.0000', 12, 17, 1, 1, 'кроме вс'),
(2, '17:42:00.0000', 12, 17, 1, 0, ' '),
(14, '17:18:00.0000', 12, 18, 1, 0, ' '),
(54, '07:21:00.0000', 18, 10, 1, 0, ' '),
(55, '16:16:00.0000', 18, 22, 1, 0, ''),
(41, '08:32:00.0000', 18, 1, 1, 1, ' '),
(19, '17:12:00.0000', 18, 1, 1, 0, ' ');

-- --------------------------------------------------------

--
-- Структура таблицы `shop`
--

CREATE TABLE `shop` (
  `dep_id` int(11) NOT NULL,
  `departure` time(4) NOT NULL,
  `bus_id` int(11) NOT NULL,
  `dest_id` int(11) NOT NULL,
  `week_day` tinyint(1) NOT NULL,
  `day_off` tinyint(1) NOT NULL,
  `comment` varchar(25) DEFAULT NULL
) ENGINE=InnoDB DEFAULT CHARSET=utf8;

--
-- Дамп данных таблицы `shop`
--

INSERT INTO `shop` (`dep_id`, `departure`, `bus_id`, `dest_id`, `week_day`, `day_off`, `comment`) VALUES
(1, '05:26:00.0000', 3, 6, 1, 1, ' '),
(2, '06:51:00.0000', 3, 6, 1, 1, ' '),
(3, '07:21:00.0000', 3, 6, 1, 1, ' '),
(4, '08:06:00.0000', 3, 6, 1, 1, ' '),
(5, '09:36:00.0000', 3, 6, 1, 1, ' '),
(6, '10:21:00.0000', 3, 6, 1, 1, ' '),
(7, '11:21:00.0000', 3, 6, 1, 1, ' '),
(8, '12:31:00.0000', 3, 6, 1, 1, ' '),
(9, '13:16:00.0000', 3, 6, 1, 1, ' '),
(10, '17:16:00.0000', 3, 6, 1, 1, ' '),
(11, '18:11:00.0000', 3, 6, 1, 1, ' '),
(12, '19:21:00.0000', 3, 6, 1, 1, ' '),
(1, '05:34:00.0000', 3, 1, 1, 1, ' '),
(2, '06:59:00.0000', 3, 1, 1, 1, ' '),
(3, '07:29:00.0000', 3, 1, 1, 1, ' '),
(4, '08:14:00.0000', 3, 1, 1, 1, ' '),
(5, '09:44:00.0000', 3, 1, 1, 1, ' '),
(6, '10:29:00.0000', 3, 1, 1, 1, ' '),
(7, '11:29:00.0000', 3, 1, 1, 1, ' '),
(8, '12:39:00.0000', 3, 1, 1, 1, ' '),
(9, '13:49:00.0000', 3, 1, 1, 1, ' '),
(10, '17:29:00.0000', 3, 1, 1, 1, ' '),
(11, '18:24:00.0000', 3, 1, 1, 1, ' '),
(1, '07:27:00.0000', 12, 17, 1, 1, 'кроме вс'),
(2, '17:32:00.0000', 12, 17, 1, 0, ' '),
(14, '17:26:00.0000', 12, 18, 1, 0, ' ');

-- --------------------------------------------------------

--
-- Структура таблицы `shop_5`
--

CREATE TABLE `shop_5` (
  `dep_id` int(11) NOT NULL,
  `departure` time(4) NOT NULL,
  `bus_id` int(11) NOT NULL,
  `dest_id` int(11) NOT NULL,
  `week_day` tinyint(1) NOT NULL,
  `day_off` tinyint(1) NOT NULL,
  `comment` varchar(25) DEFAULT NULL
) ENGINE=InnoDB DEFAULT CHARSET=utf8;

--
-- Дамп данных таблицы `shop_5`
--

INSERT INTO `shop_5` (`dep_id`, `departure`, `bus_id`, `dest_id`, `week_day`, `day_off`, `comment`) VALUES
(6, '04:14:00.0000', 8, 15, 1, 1, ' '),
(7, '05:24:00.0000', 8, 15, 1, 1, ' '),
(8, '05:59:00.0000', 8, 15, 1, 1, ' '),
(9, '06:29:00.0000', 8, 15, 1, 1, ' '),
(10, '07:39:00.0000', 8, 15, 1, 1, ' '),
(11, '09:59:00.0000', 8, 15, 1, 1, ' '),
(12, '08:44:00.0000', 8, 15, 0, 1, 'по вс'),
(13, '10:34:00.0000', 8, 15, 1, 1, ' '),
(14, '11:39:00.0000', 8, 15, 1, 1, ' '),
(15, '13:19:00.0000', 8, 15, 1, 1, ' '),
(16, '14:29:00.0000', 8, 15, 1, 1, ' '),
(17, '15:14:00.0000', 8, 15, 0, 1, ' '),
(18, '15:24:00.0000', 8, 15, 1, 0, ' '),
(19, '15:54:00.0000', 8, 15, 0, 1, ' '),
(20, '16:04:00.0000', 8, 15, 1, 0, ' '),
(21, '16:34:00.0000', 8, 15, 0, 1, ' '),
(22, '17:59:00.0000', 8, 15, 1, 1, ' '),
(23, '19:04:00.0000', 8, 15, 1, 1, ' '),
(24, '20:04:00.0000', 8, 15, 1, 1, ' '),
(25, '20:59:00.0000', 8, 15, 1, 1, ' '),
(87, '15:44:00.0000', 16, 5, 0, 1, '');

-- --------------------------------------------------------

--
-- Структура таблицы `spc`
--

CREATE TABLE `spc` (
  `dep_id` int(11) NOT NULL,
  `departure` time(4) NOT NULL,
  `bus_id` int(11) NOT NULL,
  `dest_id` int(11) NOT NULL,
  `week_day` tinyint(1) NOT NULL,
  `day_off` tinyint(1) NOT NULL,
  `comment` varchar(25) DEFAULT NULL
) ENGINE=InnoDB DEFAULT CHARSET=utf8;

--
-- Дамп данных таблицы `spc`
--

INSERT INTO `spc` (`dep_id`, `departure`, `bus_id`, `dest_id`, `week_day`, `day_off`, `comment`) VALUES
(10, '12:03:00.0000', 6, 1, 1, 1, ' '),
(11, '13:23:00.0000', 6, 1, 0, 1, ' ');

-- --------------------------------------------------------

--
-- Структура таблицы `square`
--

CREATE TABLE `square` (
  `dep_id` int(11) NOT NULL,
  `departure` time(4) NOT NULL,
  `bus_id` int(11) NOT NULL,
  `dest_id` int(11) NOT NULL,
  `week_day` tinyint(1) NOT NULL,
  `day_off` tinyint(1) NOT NULL,
  `comment` varchar(25) DEFAULT NULL
) ENGINE=InnoDB DEFAULT CHARSET=utf8;

--
-- Дамп данных таблицы `square`
--

INSERT INTO `square` (`dep_id`, `departure`, `bus_id`, `dest_id`, `week_day`, `day_off`, `comment`) VALUES
(47, '10:20:00.0000', 1, 1, 1, 1, ' '),
(48, '11:20:00.0000', 1, 1, 1, 1, ' '),
(49, '12:20:00.0000', 1, 1, 0, 1, ' '),
(50, '14:05:00.0000', 1, 1, 1, 1, ' '),
(51, '18:20:00.0000', 1, 1, 1, 1, ' '),
(1, '07:53:00.0000', 1, 7, 1, 0, ' '),
(2, '09:43:00.0000', 1, 7, 1, 1, ' '),
(3, '10:43:00.0000', 1, 7, 1, 1, ' '),
(4, '11:43:00.0000', 1, 7, 0, 1, ' '),
(5, '13:03:00.0000', 1, 7, 1, 1, ' '),
(6, '17:43:00.0000', 1, 7, 1, 1, ' '),
(7, '20:23:00.0000', 1, 7, 1, 1, ' '),
(57, '08:36:00.0000', 2, 1, 1, 0, ' '),
(58, '08:51:00.0000', 2, 1, 0, 1, ' '),
(59, '09:07:00.0000', 2, 1, 1, 0, ' '),
(60, '09:46:00.0000', 2, 1, 1, 1, ' '),
(61, '10:06:00.0000', 2, 1, 1, 0, ' '),
(62, '10:51:00.0000', 2, 1, 1, 1, ' '),
(63, '11:51:00.0000', 2, 1, 1, 1, ' '),
(64, '12:31:00.0000', 2, 1, 1, 0, ' '),
(65, '13:26:00.0000', 2, 1, 1, 0, ' '),
(66, '14:21:00.0000', 2, 1, 1, 1, ' '),
(67, '14:36:00.0000', 2, 1, 1, 0, ' '),
(68, '15:21:00.0000', 2, 1, 1, 1, ' '),
(69, '16:06:00.0000', 2, 1, 1, 0, ' '),
(70, '16:21:00.0000', 2, 1, 1, 1, ' '),
(71, '16:36:00.0000', 2, 1, 1, 0, ' '),
(72, '17:21:00.0000', 2, 1, 1, 1, ' '),
(73, '17:41:00.0000', 2, 1, 1, 0, ' '),
(8, '07:33:00.0000', 2, 7, 1, 1, ' '),
(9, '08:23:00.0000', 2, 7, 1, 0, ' '),
(10, '08:24:00.0000', 2, 7, 0, 1, ' '),
(11, '09:08:00.0000', 2, 7, 1, 0, ' '),
(12, '09:09:00.0000', 2, 7, 0, 1, ' '),
(13, '09:28:00.0000', 2, 7, 1, 0, ' '),
(14, '10:08:00.0000', 2, 7, 1, 0, ' '),
(15, '10:09:00.0000', 2, 7, 0, 1, ' '),
(16, '11:08:00.0000', 2, 7, 1, 0, ' '),
(17, '11:09:00.0000', 2, 7, 0, 1, ' '),
(18, '11:48:00.0000', 2, 7, 1, 0, ' '),
(19, '12:48:00.0000', 2, 7, 1, 0, ' '),
(20, '13:39:00.0000', 2, 7, 1, 1, ' '),
(21, '13:58:00.0000', 2, 7, 1, 0, ' '),
(22, '14:38:00.0000', 2, 7, 1, 0, ' '),
(23, '14:39:00.0000', 2, 7, 0, 1, ' '),
(24, '15:38:00.0000', 2, 7, 1, 0, ' '),
(25, '15:39:00.0000', 2, 7, 0, 1, ' '),
(26, '15:53:00.0000', 2, 7, 1, 0, ' '),
(27, '16:38:00.0000', 2, 7, 1, 0, ' '),
(28, '16:39:00.0000', 2, 7, 0, 1, ' '),
(29, '16:58:00.0000', 2, 7, 1, 0, ' '),
(30, '18:03:00.0000', 2, 7, 1, 1, ' '),
(1, '05:23:00.0000', 3, 6, 1, 1, ' '),
(2, '06:48:00.0000', 3, 6, 1, 1, ' '),
(3, '07:18:00.0000', 3, 6, 1, 1, ' '),
(4, '08:03:00.0000', 3, 6, 1, 1, ' '),
(5, '09:33:00.0000', 3, 6, 1, 1, ' '),
(6, '10:18:00.0000', 3, 6, 1, 1, ' '),
(7, '11:18:00.0000', 3, 6, 1, 1, ' '),
(8, '12:28:00.0000', 3, 6, 1, 1, ' '),
(9, '13:13:00.0000', 3, 6, 1, 1, ' '),
(10, '17:13:00.0000', 3, 6, 1, 1, ' '),
(11, '18:08:00.0000', 3, 6, 1, 1, ' '),
(12, '19:18:00.0000', 3, 6, 1, 1, ' '),
(3, '08:55:00.0000', 5, 20, 1, 0, ''),
(4, '14:20:00.0000', 5, 20, 1, 0, ''),
(1, '07:46:00.0000', 5, 1, 1, 0, ' '),
(2, '13:06:00.0000', 5, 1, 1, 0, ' '),
(10, '12:08:00.0000', 6, 1, 1, 1, ' '),
(11, '13:28:00.0000', 6, 1, 0, 1, ' '),
(38, '06:42:00.0000', 7, 10, 1, 0, ' '),
(39, '07:52:00.0000', 7, 10, 1, 0, ' '),
(40, '08:32:00.0000', 7, 10, 1, 1, ' '),
(41, '12:37:00.0000', 7, 10, 1, 1, ' '),
(42, '14:07:00.0000', 7, 10, 1, 1, ' '),
(43, '15:12:00.0000', 7, 10, 1, 0, ' '),
(44, '16:12:00.0000', 7, 10, 1, 0, ' '),
(45, '18:12:00.0000', 7, 10, 1, 1, ' '),
(46, '19:12:00.0000', 7, 10, 1, 1, ' '),
(1, '13:20:00.0000', 7, 1, 0, 1, ' '),
(2, '14:55:00.0000', 7, 1, 1, 1, ' '),
(3, '15:55:00.0000', 7, 1, 1, 0, ' '),
(4, '16:55:00.0000', 7, 1, 1, 0, ' '),
(5, '18:05:00.0000', 7, 1, 1, 0, ' '),
(6, '18:55:00.0000', 7, 1, 1, 1, ' '),
(7, '19:55:00.0000', 7, 1, 1, 1, ' '),
(14, '06:29:00.0000', 7, 1, 1, 0, ' '),
(16, '10:19:00.0000', 7, 1, 0, 1, ' '),
(31, '22:12:00.0000', 8, 21, 1, 1, ''),
(56, '22:26:00.0000', 8, 7, 1, 1, ' '),
(57, '23:36:00.0000', 8, 7, 1, 1, ' '),
(26, '22:55:00.0000', 8, 1, 1, 1, ' '),
(58, '07:59:00.0000', 9, 9, 1, 1, ' '),
(59, '09:39:00.0000', 9, 9, 1, 1, ' '),
(60, '14:49:00.0000', 9, 9, 1, 0, ' '),
(2, '05:07:00.0000', 10, 1, 1, 1, ' '),
(3, '05:52:00.0000', 10, 1, 1, 1, ' '),
(4, '06:32:00.0000', 10, 1, 1, 1, ' '),
(5, '07:12:00.0000', 10, 1, 1, 0, ' '),
(6, '07:22:00.0000', 10, 1, 0, 1, ' '),
(7, '11:57:00.0000', 10, 1, 1, 0, ' '),
(8, '13:12:00.0000', 10, 1, 1, 0, ' '),
(9, '17:27:00.0000', 10, 1, 1, 0, ' '),
(10, '19:22:00.0000', 10, 1, 1, 1, ' '),
(11, '20:27:00.0000', 10, 1, 1, 1, ' '),
(12, '21:22:00.0000', 10, 1, 1, 1, ' '),
(13, '23:22:00.0000', 10, 1, 1, 1, ' '),
(61, '04:24:00.0000', 10, 17, 1, 1, ' '),
(62, '05:24:00.0000', 10, 17, 1, 1, ' '),
(63, '06:09:00.0000', 10, 17, 1, 1, ' '),
(64, '06:49:00.0000', 10, 17, 1, 1, ' '),
(65, '07:39:00.0000', 10, 17, 1, 0, ' '),
(66, '07:44:00.0000', 10, 17, 0, 1, ' '),
(67, '12:29:00.0000', 10, 17, 1, 0, ' '),
(68, '13:54:00.0000', 10, 17, 1, 0, ' '),
(69, '17:44:00.0000', 10, 17, 1, 0, ' '),
(70, '19:39:00.0000', 10, 17, 1, 1, ' '),
(71, '20:44:00.0000', 10, 17, 1, 1, ' '),
(72, '21:39:00.0000', 10, 17, 1, 1, ' '),
(31, '08:50:00.0000', 11, 7, 1, 0, ' '),
(32, '10:00:00.0000', 11, 7, 1, 0, ' '),
(33, '10:35:00.0000', 11, 7, 1, 1, ' '),
(34, '11:05:00.0000', 11, 7, 1, 0, ' '),
(35, '11:35:00.0000', 11, 7, 1, 1, ' '),
(36, '12:05:00.0000', 11, 7, 1, 0, ' '),
(37, '12:35:00.0000', 11, 7, 1, 1, ' '),
(38, '13:25:00.0000', 11, 7, 1, 1, ' '),
(39, '14:25:00.0000', 11, 7, 1, 1, ' '),
(40, '15:25:00.0000', 11, 7, 1, 1, ' '),
(41, '16:25:00.0000', 11, 7, 1, 1, ' '),
(42, '17:35:00.0000', 11, 7, 1, 1, ' '),
(43, '18:45:00.0000', 11, 7, 1, 1, ' '),
(44, '19:45:00.0000', 11, 7, 1, 1, ' '),
(88, '20:48:00.0000', 11, 7, 1, 1, ''),
(47, '06:42:00.0000', 13, 12, 1, 0, ' '),
(48, '07:17:00.0000', 13, 12, 1, 1, ' '),
(73, '07:30:00.0000', 13, 1, 1, 0, ' '),
(74, '07:45:00.0000', 13, 1, 1, 0, ' '),
(75, '13:20:00.0000', 13, 1, 1, 0, ' '),
(76, '16:55:00.0000', 13, 1, 1, 0, ' '),
(77, '17:20:00.0000', 13, 1, 1, 0, ' '),
(45, '17:18:00.0000', 14, 12, 1, 0, ' '),
(52, '07:40:00.0000', 14, 1, 1, 0, ' '),
(53, '08:13:00.0000', 14, 1, 1, 1, ' '),
(54, '08:43:00.0000', 14, 1, 1, 0, ' '),
(55, '09:23:00.0000', 14, 1, 1, 1, ' '),
(56, '12:33:00.0000', 14, 1, 1, 0, ' '),
(46, '11:43:00.0000', 15, 10, 1, 0, ' '),
(51, '15:12:00.0000', 16, 7, 0, 1, ' '),
(52, '16:12:00.0000', 16, 7, 0, 1, ' '),
(84, '06:45:00.0000', 16, 1, 1, 0, ' '),
(85, '06:55:00.0000', 16, 1, 0, 1, ' '),
(86, '08:40:00.0000', 16, 1, 1, 0, ' '),
(88, '16:45:00.0000', 16, 1, 0, 1, ' '),
(89, '20:50:00.0000', 16, 1, 1, 1, ' '),
(32, '15:54:00.0000', 16, 1, 0, 1, ' '),
(70, '21:53:00.0000', 17, 1, 1, 1, ' '),
(54, '07:29:00.0000', 18, 10, 1, 0, ' '),
(55, '16:24:00.0000', 18, 22, 1, 0, ''),
(53, '21:25:00.0000', 17, 9, 1, 1, '');

-- --------------------------------------------------------

--
-- Структура таблицы `szos`
--

CREATE TABLE `szos` (
  `dep_id` int(11) NOT NULL,
  `departure` time(4) NOT NULL,
  `bus_id` int(11) NOT NULL,
  `dest_id` int(11) NOT NULL,
  `week_day` tinyint(1) NOT NULL,
  `day_off` tinyint(1) NOT NULL,
  `comment` varchar(25) DEFAULT NULL
) ENGINE=InnoDB DEFAULT CHARSET=utf8;

--
-- Дамп данных таблицы `szos`
--

INSERT INTO `szos` (`dep_id`, `departure`, `bus_id`, `dest_id`, `week_day`, `day_off`, `comment`) VALUES
(1, '05:20:00.0000', 3, 6, 1, 1, ' '),
(2, '06:45:00.0000', 3, 6, 1, 1, ' '),
(3, '07:15:00.0000', 3, 6, 1, 1, ' '),
(4, '08:00:00.0000', 3, 6, 1, 1, ' '),
(5, '09:30:00.0000', 3, 6, 1, 1, ' '),
(6, '10:15:00.0000', 3, 6, 1, 1, ' '),
(7, '11:15:00.0000', 3, 6, 1, 1, ' '),
(8, '12:25:00.0000', 3, 6, 1, 1, ' '),
(9, '13:10:00.0000', 3, 6, 1, 1, ' '),
(10, '17:10:00.0000', 3, 6, 1, 1, ' '),
(11, '18:05:00.0000', 3, 6, 1, 1, ' '),
(12, '19:15:00.0000', 3, 6, 1, 1, ' '),
(24, '05:49:00.0000', 3, 15, 1, 1, ' '),
(25, '07:44:00.0000', 3, 15, 1, 1, ' '),
(26, '08:29:00.0000', 3, 15, 1, 1, ' '),
(27, '09:59:00.0000', 3, 15, 1, 1, ' '),
(28, '10:44:00.0000', 3, 15, 1, 1, ' '),
(29, '11:44:00.0000', 3, 15, 1, 1, ' '),
(30, '12:54:00.0000', 3, 15, 1, 1, ' '),
(31, '17:44:00.0000', 3, 15, 1, 1, ' '),
(32, '19:29:00.0000', 3, 15, 1, 1, 'через ул. Каминского'),
(3, '08:46:00.0000', 5, 20, 1, 0, ''),
(4, '14:11:00.0000', 5, 20, 1, 0, ''),
(1, '07:37:00.0000', 5, 1, 1, 0, ' '),
(2, '12:57:00.0000', 5, 1, 1, 0, ' '),
(5, '18:06:00.0000', 5, 13, 1, 0, ' '),
(9, '12:39:00.0000', 5, 16, 1, 0, ' '),
(10, '12:05:00.0000', 6, 1, 1, 1, ' '),
(11, '13:25:00.0000', 6, 1, 0, 1, ' '),
(36, '12:55:00.0000', 6, 13, 1, 1, ' '),
(37, '13:55:00.0000', 6, 13, 0, 1, ' '),
(1, '07:43:00.0000', 12, 17, 1, 1, 'кроме вс'),
(2, '17:48:00.0000', 12, 17, 1, 0, ' '),
(14, '17:12:00.0000', 12, 18, 1, 0, ' ');

-- --------------------------------------------------------

--
-- Структура таблицы `veterinary`
--

CREATE TABLE `veterinary` (
  `dep_id` int(11) NOT NULL,
  `departure` time(4) NOT NULL,
  `bus_id` int(11) NOT NULL,
  `dest_id` int(11) NOT NULL,
  `week_day` tinyint(1) NOT NULL,
  `day_off` tinyint(1) NOT NULL,
  `comment` varchar(25) DEFAULT NULL
) ENGINE=InnoDB DEFAULT CHARSET=utf8;

--
-- Дамп данных таблицы `veterinary`
--

INSERT INTO `veterinary` (`dep_id`, `departure`, `bus_id`, `dest_id`, `week_day`, `day_off`, `comment`) VALUES
(3, '08:42:00.0000', 5, 20, 1, 0, ''),
(4, '14:07:00.0000', 5, 20, 1, 0, ''),
(1, '07:33:00.0000', 5, 1, 1, 0, ' '),
(2, '12:53:00.0000', 5, 1, 1, 0, ' '),
(5, '18:02:00.0000', 5, 13, 1, 0, ' '),
(9, '12:44:00.0000', 5, 16, 1, 0, ' '),
(1, '07:48:00.0000', 12, 17, 1, 1, 'кроме вс'),
(2, '17:53:00.0000', 12, 17, 1, 0, ' '),
(14, '17:08:00.0000', 12, 18, 1, 0, ' ');

-- --------------------------------------------------------

--
-- Структура таблицы `water_intake`
--

CREATE TABLE `water_intake` (
  `dep_id` int(11) NOT NULL,
  `departure` time(4) NOT NULL,
  `bus_id` int(11) NOT NULL,
  `dest_id` int(11) NOT NULL,
  `week_day` tinyint(1) NOT NULL,
  `day_off` tinyint(1) NOT NULL,
  `comment` varchar(25) DEFAULT NULL
) ENGINE=InnoDB DEFAULT CHARSET=utf8;

--
-- Дамп данных таблицы `water_intake`
--

INSERT INTO `water_intake` (`dep_id`, `departure`, `bus_id`, `dest_id`, `week_day`, `day_off`, `comment`) VALUES
(1, '10:06:00.0000', 1, 4, 1, 1, ' '),
(2, '11:06:00.0000', 1, 4, 1, 1, ' '),
(3, '12:06:00.0000', 1, 4, 0, 1, ' '),
(4, '13:51:00.0000', 1, 4, 1, 1, ' '),
(5, '18:06:00.0000', 1, 4, 1, 1, ' '),
(1, '08:00:00.0000', 1, 7, 1, 0, ' '),
(2, '09:50:00.0000', 1, 7, 1, 1, ' '),
(3, '10:50:00.0000', 1, 7, 1, 1, ' '),
(4, '11:50:00.0000', 1, 7, 0, 1, ' '),
(5, '13:10:00.0000', 1, 7, 1, 1, ' '),
(6, '17:50:00.0000', 1, 7, 1, 1, ' '),
(7, '20:30:00.0000', 1, 7, 1, 1, ' '),
(33, '08:21:00.0000', 2, 4, 1, 0, ' '),
(34, '08:36:00.0000', 2, 4, 0, 1, ' '),
(35, '08:51:00.0000', 2, 4, 1, 0, ' '),
(36, '09:31:00.0000', 2, 4, 1, 1, ' '),
(37, '09:51:00.0000', 2, 4, 1, 0, ' '),
(38, '10:36:00.0000', 2, 4, 1, 1, ' '),
(39, '11:36:00.0000', 2, 4, 1, 1, ' '),
(40, '12:16:00.0000', 2, 4, 1, 0, ' '),
(41, '13:11:00.0000', 2, 4, 1, 0, ' '),
(42, '14:06:00.0000', 2, 4, 1, 1, ' '),
(43, '14:21:00.0000', 2, 4, 1, 0, ' '),
(44, '15:06:00.0000', 2, 4, 1, 1, ' '),
(45, '15:51:00.0000', 2, 4, 1, 0, ' '),
(46, '16:06:00.0000', 2, 4, 1, 1, ' '),
(47, '16:21:00.0000', 2, 4, 1, 0, ' '),
(48, '17:06:00.0000', 2, 4, 1, 1, ' '),
(49, '17:26:00.0000', 2, 4, 1, 0, ' '),
(8, '07:41:00.0000', 2, 7, 1, 1, ' '),
(9, '08:31:00.0000', 2, 7, 1, 0, ' '),
(10, '08:32:00.0000', 2, 7, 0, 1, ' '),
(11, '09:16:00.0000', 2, 7, 1, 0, ' '),
(12, '09:17:00.0000', 2, 7, 0, 1, ' '),
(13, '09:36:00.0000', 2, 7, 1, 0, ' '),
(14, '10:16:00.0000', 2, 7, 1, 0, ' '),
(15, '10:17:00.0000', 2, 7, 0, 1, ' '),
(16, '11:16:00.0000', 2, 7, 1, 0, ' '),
(17, '11:17:00.0000', 2, 7, 0, 1, ' '),
(18, '11:56:00.0000', 2, 7, 1, 0, ' '),
(19, '12:56:00.0000', 2, 7, 1, 0, ' '),
(20, '13:47:00.0000', 2, 7, 1, 1, ' '),
(21, '14:06:00.0000', 2, 7, 1, 0, ' '),
(22, '14:46:00.0000', 2, 7, 1, 0, ' '),
(23, '14:47:00.0000', 2, 7, 0, 1, ' '),
(24, '15:46:00.0000', 2, 7, 1, 0, ' '),
(25, '15:47:00.0000', 2, 7, 0, 1, ' '),
(26, '16:01:00.0000', 2, 7, 1, 0, ' '),
(27, '16:46:00.0000', 2, 7, 1, 0, ' '),
(28, '16:47:00.0000', 2, 7, 0, 1, ' '),
(29, '17:06:00.0000', 2, 7, 1, 0, ' '),
(30, '18:11:00.0000', 2, 7, 1, 1, ' '),
(38, '06:49:00.0000', 7, 10, 1, 0, ' '),
(39, '07:59:00.0000', 7, 10, 1, 0, ' '),
(40, '08:39:00.0000', 7, 10, 1, 1, ' '),
(41, '12:44:00.0000', 7, 10, 1, 1, ' '),
(42, '14:14:00.0000', 7, 10, 1, 1, ' '),
(43, '15:19:00.0000', 7, 10, 1, 0, ' '),
(44, '16:19:00.0000', 7, 10, 1, 0, ' '),
(45, '18:19:00.0000', 7, 10, 1, 1, ' '),
(46, '19:19:00.0000', 7, 10, 1, 1, ' '),
(1, '13:14:00.0000', 7, 1, 0, 1, ' '),
(2, '14:49:00.0000', 7, 1, 1, 1, ' '),
(3, '15:49:00.0000', 7, 1, 1, 0, ' '),
(4, '16:49:00.0000', 7, 1, 1, 0, ' '),
(5, '17:59:00.0000', 7, 1, 1, 0, ' '),
(6, '18:49:00.0000', 7, 1, 1, 1, ' '),
(7, '19:49:00.0000', 7, 1, 1, 1, ' '),
(15, '06:28:00.0000', 7, 7, 0, 1, ' '),
(6, '04:06:00.0000', 8, 15, 1, 1, ' '),
(7, '05:16:00.0000', 8, 15, 1, 1, ' '),
(8, '05:51:00.0000', 8, 15, 1, 1, ' '),
(9, '06:21:00.0000', 8, 15, 1, 1, ' '),
(10, '07:31:00.0000', 8, 15, 1, 1, ' '),
(11, '09:51:00.0000', 8, 15, 1, 1, ' '),
(12, '08:36:00.0000', 8, 15, 0, 1, 'по вс'),
(13, '10:26:00.0000', 8, 15, 1, 1, ' '),
(14, '11:31:00.0000', 8, 15, 1, 1, ' '),
(15, '13:11:00.0000', 8, 15, 1, 1, ' '),
(16, '14:21:00.0000', 8, 15, 1, 1, ' '),
(17, '15:06:00.0000', 8, 15, 0, 1, ' '),
(18, '15:16:00.0000', 8, 15, 1, 0, ' '),
(19, '15:46:00.0000', 8, 15, 0, 1, ' '),
(20, '15:56:00.0000', 8, 15, 1, 0, ' '),
(21, '16:26:00.0000', 8, 15, 0, 1, ' '),
(22, '17:51:00.0000', 8, 15, 1, 1, ' '),
(23, '18:56:00.0000', 8, 15, 1, 1, ' '),
(24, '19:56:00.0000', 8, 15, 1, 1, ' '),
(25, '20:51:00.0000', 8, 15, 1, 1, ' '),
(13, '03:58:00.0000', 8, 7, 1, 1, ' '),
(14, '05:05:00.0000', 8, 7, 1, 1, ' '),
(15, '05:40:00.0000', 8, 7, 1, 1, ' '),
(16, '06:10:00.0000', 8, 7, 1, 1, ' '),
(17, '08:15:00.0000', 8, 7, 0, 1, 'по вс'),
(18, '09:35:00.0000', 8, 7, 1, 1, ' '),
(19, '10:10:00.0000', 8, 7, 1, 1, ' '),
(20, '11:15:00.0000', 8, 7, 1, 1, ' '),
(21, '12:55:00.0000', 8, 7, 1, 1, ' '),
(22, '14:05:00.0000', 8, 7, 1, 1, ' '),
(23, '14:50:00.0000', 8, 7, 1, 1, ' '),
(24, '15:30:00.0000', 8, 7, 0, 1, ' '),
(25, '15:45:00.0000', 8, 7, 1, 0, ' '),
(26, '16:13:00.0000', 8, 7, 0, 1, ' '),
(27, '17:15:00.0000', 8, 7, 1, 1, ' '),
(28, '18:40:00.0000', 8, 7, 1, 1, ' '),
(29, '19:15:00.0000', 8, 7, 1, 1, ' '),
(30, '20:30:00.0000', 8, 7, 1, 1, ' '),
(56, '22:36:00.0000', 8, 7, 1, 1, ' '),
(57, '23:46:00.0000', 8, 7, 1, 1, ' '),
(53, '07:35:00.0000', 11, 4, 1, 1, ' '),
(54, '09:20:00.0000', 11, 4, 1, 0, ' '),
(55, '10:00:00.0000', 11, 4, 1, 1, ' '),
(56, '10:20:00.0000', 11, 4, 1, 0, ' '),
(57, '10:55:00.0000', 11, 4, 1, 1, ' '),
(58, '11:25:00.0000', 11, 4, 1, 0, ' '),
(59, '11:55:00.0000', 11, 4, 1, 1, ' '),
(60, '12:30:00.0000', 11, 4, 1, 0, ' '),
(61, '12:55:00.0000', 11, 4, 1, 1, ' '),
(62, '13:45:00.0000', 11, 4, 1, 1, ' '),
(63, '14:45:00.0000', 11, 4, 1, 1, ' '),
(64, '15:45:00.0000', 11, 4, 1, 1, ' '),
(65, '16:55:00.0000', 11, 4, 1, 1, ' '),
(66, '17:55:00.0000', 11, 4, 1, 1, ' '),
(67, '19:05:00.0000', 11, 4, 1, 1, ' '),
(68, '20:05:00.0000', 11, 4, 1, 1, ' '),
(69, '21:06:00.0000', 11, 1, 1, 1, ''),
(47, '06:49:00.0000', 13, 12, 1, 0, ' '),
(48, '07:24:00.0000', 13, 12, 1, 1, ' '),
(73, '07:24:00.0000', 13, 1, 1, 0, ' '),
(74, '07:39:00.0000', 13, 1, 1, 0, ' '),
(75, '13:14:00.0000', 13, 1, 1, 0, ' '),
(76, '16:49:00.0000', 13, 1, 1, 0, ' '),
(77, '17:14:00.0000', 13, 1, 1, 0, ' '),
(45, '17:25:00.0000', 14, 12, 1, 0, ' '),
(79, '07:26:00.0000', 14, 4, 1, 0, ' '),
(80, '08:01:00.0000', 14, 4, 1, 1, ' '),
(81, '08:31:00.0000', 14, 4, 1, 0, ' '),
(82, '09:11:00.0000', 14, 4, 1, 1, ' '),
(83, '12:21:00.0000', 14, 4, 1, 0, ' '),
(46, '11:50:00.0000', 15, 10, 1, 0, ' '),
(51, '15:19:00.0000', 16, 7, 0, 1, ' '),
(52, '16:19:00.0000', 16, 7, 0, 1, ' '),
(84, '06:37:00.0000', 16, 1, 1, 0, ' '),
(85, '06:47:00.0000', 16, 1, 0, 1, ' '),
(86, '08:32:00.0000', 16, 1, 1, 0, ' '),
(88, '16:37:00.0000', 16, 1, 0, 1, ' '),
(89, '20:42:00.0000', 16, 1, 1, 1, ' '),
(87, '15:36:00.0000', 16, 5, 0, 1, ''),
(26, '22:47:00.0000', 8, 1, 1, 1, ' ');

-- --------------------------------------------------------

--
-- Структура таблицы `west`
--

CREATE TABLE `west` (
  `dep_id` int(11) NOT NULL,
  `departure` time(4) NOT NULL,
  `bus_id` int(11) NOT NULL,
  `dest_id` int(11) NOT NULL,
  `week_day` tinyint(1) NOT NULL,
  `day_off` tinyint(1) NOT NULL,
  `comment` varchar(25) DEFAULT NULL
) ENGINE=InnoDB DEFAULT CHARSET=utf8;

--
-- Дамп данных таблицы `west`
--

INSERT INTO `west` (`dep_id`, `departure`, `bus_id`, `dest_id`, `week_day`, `day_off`, `comment`) VALUES
(1, '10:10:00.0000', 1, 4, 1, 1, ' '),
(2, '11:10:00.0000', 1, 4, 1, 1, ' '),
(3, '12:10:00.0000', 1, 4, 0, 1, ' '),
(4, '13:55:00.0000', 1, 4, 1, 1, ' '),
(5, '18:10:00.0000', 1, 4, 1, 1, ' '),
(1, '07:57:00.0000', 1, 7, 1, 0, ' '),
(2, '09:47:00.0000', 1, 7, 1, 1, ' '),
(3, '10:47:00.0000', 1, 7, 1, 1, ' '),
(4, '11:47:00.0000', 1, 7, 0, 1, ' '),
(5, '13:07:00.0000', 1, 7, 1, 1, ' '),
(6, '17:47:00.0000', 1, 7, 1, 1, ' '),
(7, '20:27:00.0000', 1, 7, 1, 1, ' '),
(33, '08:25:00.0000', 2, 4, 1, 0, ' '),
(34, '08:40:00.0000', 2, 4, 0, 1, ' '),
(35, '08:55:00.0000', 2, 4, 1, 0, ' '),
(36, '09:35:00.0000', 2, 4, 1, 1, ' '),
(37, '09:55:00.0000', 2, 4, 1, 0, ' '),
(38, '10:40:00.0000', 2, 4, 1, 1, ' '),
(39, '11:40:00.0000', 2, 4, 1, 1, ' '),
(40, '12:20:00.0000', 2, 4, 1, 0, ' '),
(41, '13:15:00.0000', 2, 4, 1, 0, ' '),
(42, '14:10:00.0000', 2, 4, 1, 1, ' '),
(43, '14:25:00.0000', 2, 4, 1, 0, ' '),
(44, '15:10:00.0000', 2, 4, 1, 1, ' '),
(45, '15:55:00.0000', 2, 4, 1, 0, ' '),
(46, '16:10:00.0000', 2, 4, 1, 1, ' '),
(47, '16:25:00.0000', 2, 4, 1, 0, ' '),
(48, '17:10:00.0000', 2, 4, 1, 1, ' '),
(49, '17:30:00.0000', 2, 4, 1, 0, ' '),
(8, '07:39:00.0000', 2, 7, 1, 1, ' '),
(9, '08:29:00.0000', 2, 7, 1, 0, ' '),
(10, '08:30:00.0000', 2, 7, 0, 1, ' '),
(11, '09:14:00.0000', 2, 7, 1, 0, ' '),
(12, '09:15:00.0000', 2, 7, 0, 1, ' '),
(13, '09:34:00.0000', 2, 7, 1, 0, ' '),
(14, '10:14:00.0000', 2, 7, 1, 0, ' '),
(15, '10:15:00.0000', 2, 7, 0, 1, ' '),
(16, '11:14:00.0000', 2, 7, 1, 0, ' '),
(17, '11:15:00.0000', 2, 7, 0, 1, ' '),
(18, '11:54:00.0000', 2, 7, 1, 0, ' '),
(19, '12:54:00.0000', 2, 7, 1, 0, ' '),
(20, '13:45:00.0000', 2, 7, 1, 1, ' '),
(21, '14:04:00.0000', 2, 7, 1, 0, ' '),
(22, '14:44:00.0000', 2, 7, 1, 0, ' '),
(23, '14:45:00.0000', 2, 7, 0, 1, ' '),
(24, '15:44:00.0000', 2, 7, 1, 0, ' '),
(25, '15:45:00.0000', 2, 7, 0, 1, ' '),
(26, '15:59:00.0000', 2, 7, 1, 0, ' '),
(27, '16:44:00.0000', 2, 7, 1, 0, ' '),
(28, '16:45:00.0000', 2, 7, 0, 1, ' '),
(29, '17:04:00.0000', 2, 7, 1, 0, ' '),
(30, '18:09:00.0000', 2, 7, 1, 1, ' '),
(38, '06:46:00.0000', 7, 10, 1, 0, ' '),
(39, '07:56:00.0000', 7, 10, 1, 0, ' '),
(40, '08:36:00.0000', 7, 10, 1, 1, ' '),
(41, '12:41:00.0000', 7, 10, 1, 1, ' '),
(42, '14:11:00.0000', 7, 10, 1, 1, ' '),
(43, '15:16:00.0000', 7, 10, 1, 0, ' '),
(44, '16:16:00.0000', 7, 10, 1, 0, ' '),
(45, '18:16:00.0000', 7, 10, 1, 1, ' '),
(46, '19:16:00.0000', 7, 10, 1, 1, ' '),
(1, '13:17:00.0000', 7, 1, 0, 1, ' '),
(2, '14:52:00.0000', 7, 1, 1, 1, ' '),
(3, '15:52:00.0000', 7, 1, 1, 0, ' '),
(4, '16:52:00.0000', 7, 1, 1, 0, ' '),
(5, '18:02:00.0000', 7, 1, 1, 0, ' '),
(6, '18:52:00.0000', 7, 1, 1, 1, ' '),
(7, '19:52:00.0000', 7, 1, 1, 1, ' '),
(15, '06:25:00.0000', 7, 7, 0, 1, ' '),
(6, '04:10:00.0000', 8, 15, 1, 1, ' '),
(7, '05:20:00.0000', 8, 15, 1, 1, ' '),
(8, '05:55:00.0000', 8, 15, 1, 1, ' '),
(9, '06:25:00.0000', 8, 15, 1, 1, ' '),
(10, '07:35:00.0000', 8, 15, 1, 1, ' '),
(11, '09:55:00.0000', 8, 15, 1, 1, ' '),
(12, '08:40:00.0000', 8, 15, 0, 1, 'по вс'),
(13, '10:30:00.0000', 8, 15, 1, 1, ' '),
(14, '11:35:00.0000', 8, 15, 1, 1, ' '),
(15, '13:15:00.0000', 8, 15, 1, 1, ' '),
(16, '14:25:00.0000', 8, 15, 1, 1, ' '),
(17, '15:10:00.0000', 8, 15, 0, 1, ' '),
(18, '15:20:00.0000', 8, 15, 1, 0, ' '),
(19, '15:50:00.0000', 8, 15, 0, 1, ' '),
(20, '16:00:00.0000', 8, 15, 1, 0, ' '),
(21, '16:30:00.0000', 8, 15, 0, 1, ' '),
(22, '17:55:00.0000', 8, 15, 1, 1, ' '),
(23, '19:00:00.0000', 8, 15, 1, 1, ' '),
(24, '20:00:00.0000', 8, 15, 1, 1, ' '),
(25, '20:55:00.0000', 8, 15, 1, 1, ' '),
(13, '03:55:00.0000', 8, 7, 1, 1, ' '),
(14, '05:02:00.0000', 8, 7, 1, 1, ' '),
(15, '05:37:00.0000', 8, 7, 1, 1, ' '),
(16, '06:07:00.0000', 8, 7, 1, 1, ' '),
(17, '08:12:00.0000', 8, 7, 0, 1, 'по вс'),
(18, '09:32:00.0000', 8, 7, 1, 1, ' '),
(19, '10:07:00.0000', 8, 7, 1, 1, ' '),
(20, '11:12:00.0000', 8, 7, 1, 1, ' '),
(21, '12:52:00.0000', 8, 7, 1, 1, ' '),
(22, '14:02:00.0000', 8, 7, 1, 1, ' '),
(23, '14:47:00.0000', 8, 7, 1, 1, ' '),
(24, '15:27:00.0000', 8, 7, 0, 1, ' '),
(25, '15:42:00.0000', 8, 7, 1, 0, ' '),
(26, '16:10:00.0000', 8, 7, 0, 1, ' '),
(27, '17:12:00.0000', 8, 7, 1, 1, ' '),
(28, '18:37:00.0000', 8, 7, 1, 1, ' '),
(29, '19:12:00.0000', 8, 7, 1, 1, ' '),
(30, '20:27:00.0000', 8, 7, 1, 1, ' '),
(56, '22:33:00.0000', 8, 7, 1, 1, ' '),
(57, '23:43:00.0000', 8, 7, 1, 1, ' '),
(33, '07:20:00.0000', 9, 7, 1, 1, ' '),
(34, '08:10:00.0000', 9, 7, 1, 1, ' '),
(35, '08:20:00.0000', 9, 7, 1, 1, 'кроме вс'),
(36, '09:50:00.0000', 9, 7, 1, 1, ' '),
(37, '15:00:00.0000', 9, 7, 1, 0, ' '),
(50, '09:06:00.0000', 9, 5, 1, 1, ' '),
(51, '18:36:00.0000', 9, 5, 1, 1, ' '),
(52, '08:36:00.0000', 9, 15, 1, 1, 'кроме вс'),
(31, '08:54:00.0000', 11, 7, 1, 0, ' '),
(32, '10:04:00.0000', 11, 7, 1, 0, ' '),
(33, '10:39:00.0000', 11, 7, 1, 1, ' '),
(34, '11:09:00.0000', 11, 7, 1, 0, ' '),
(35, '11:39:00.0000', 11, 7, 1, 1, ' '),
(36, '12:09:00.0000', 11, 7, 1, 0, ' '),
(37, '12:39:00.0000', 11, 7, 1, 1, ' '),
(38, '13:29:00.0000', 11, 7, 1, 1, ' '),
(39, '14:29:00.0000', 11, 7, 1, 1, ' '),
(40, '15:29:00.0000', 11, 7, 1, 1, ' '),
(41, '16:29:00.0000', 11, 7, 1, 1, ' '),
(42, '17:39:00.0000', 11, 7, 1, 1, ' '),
(43, '18:49:00.0000', 11, 7, 1, 1, ' '),
(44, '19:49:00.0000', 11, 7, 1, 1, ' '),
(53, '07:38:00.0000', 11, 4, 1, 1, ' '),
(54, '09:23:00.0000', 11, 4, 1, 0, ' '),
(55, '10:03:00.0000', 11, 4, 1, 1, ' '),
(56, '10:23:00.0000', 11, 4, 1, 0, ' '),
(57, '10:58:00.0000', 11, 4, 1, 1, ' '),
(58, '11:28:00.0000', 11, 4, 1, 0, ' '),
(59, '11:58:00.0000', 11, 4, 1, 1, ' '),
(60, '12:33:00.0000', 11, 4, 1, 0, ' '),
(61, '12:58:00.0000', 11, 4, 1, 1, ' '),
(62, '13:48:00.0000', 11, 4, 1, 1, ' '),
(63, '14:48:00.0000', 11, 4, 1, 1, ' '),
(64, '15:48:00.0000', 11, 4, 1, 1, ' '),
(65, '16:58:00.0000', 11, 4, 1, 1, ' '),
(66, '17:58:00.0000', 11, 4, 1, 1, ' '),
(67, '19:08:00.0000', 11, 4, 1, 1, ' '),
(68, '20:08:00.0000', 11, 4, 1, 1, ' '),
(69, '21:10:00.0000', 11, 1, 1, 1, ''),
(47, '06:46:00.0000', 13, 12, 1, 0, ' '),
(48, '07:21:00.0000', 13, 12, 1, 1, ' '),
(73, '07:27:00.0000', 13, 1, 1, 0, ' '),
(74, '07:42:00.0000', 13, 1, 1, 0, ' '),
(75, '13:17:00.0000', 13, 1, 1, 0, ' '),
(76, '16:52:00.0000', 13, 1, 1, 0, ' '),
(77, '17:17:00.0000', 13, 1, 1, 0, ' '),
(45, '17:22:00.0000', 14, 12, 1, 0, ' '),
(79, '07:30:00.0000', 14, 4, 1, 0, ' '),
(80, '08:05:00.0000', 14, 4, 1, 1, ' '),
(81, '08:35:00.0000', 14, 4, 1, 0, ' '),
(82, '09:15:00.0000', 14, 4, 1, 1, ' '),
(83, '12:25:00.0000', 14, 4, 1, 0, ' '),
(46, '11:47:00.0000', 15, 10, 1, 0, ' '),
(51, '15:16:00.0000', 16, 7, 0, 1, ' '),
(52, '16:16:00.0000', 16, 7, 0, 1, ' '),
(84, '06:41:00.0000', 16, 1, 1, 0, ' '),
(85, '06:51:00.0000', 16, 1, 0, 1, ' '),
(86, '08:36:00.0000', 16, 1, 1, 0, ' '),
(88, '16:41:00.0000', 16, 1, 0, 1, ' '),
(89, '20:46:00.0000', 16, 1, 1, 1, ' '),
(87, '15:40:00.0000', 16, 5, 0, 1, ''),
(70, '21:49:00.0000', 17, 1, 1, 1, ' '),
(54, '07:34:00.0000', 18, 10, 1, 0, ' '),
(42, '16:35:00.0000', 18, 10, 1, 0, ' '),
(18, '08:15:00.0000', 18, 5, 1, 0, ' '),
(19, '17:00:00.0000', 18, 1, 1, 0, ' '),
(40, '21:36:00.0000', 17, 7, 1, 1, ' '),
(88, '20:52:00.0000', 11, 7, 1, 1, ''),
(26, '22:51:00.0000', 8, 1, 1, 1, ' ');

-- --------------------------------------------------------

--
-- Структура таблицы `zaslonova_st`
--

CREATE TABLE `zaslonova_st` (
  `dep_id` int(11) NOT NULL,
  `departure` time(4) NOT NULL,
  `bus_id` int(11) NOT NULL,
  `dest_id` int(11) NOT NULL,
  `week_day` tinyint(1) NOT NULL,
  `day_off` tinyint(1) NOT NULL,
  `comment` varchar(25) DEFAULT NULL
) ENGINE=InnoDB DEFAULT CHARSET=utf8;

--
-- Дамп данных таблицы `zaslonova_st`
--

INSERT INTO `zaslonova_st` (`dep_id`, `departure`, `bus_id`, `dest_id`, `week_day`, `day_off`, `comment`) VALUES
(2, '04:57:00.0000', 10, 1, 1, 1, ' '),
(3, '05:42:00.0000', 10, 1, 1, 1, ' '),
(4, '06:22:00.0000', 10, 1, 1, 1, ' '),
(5, '07:02:00.0000', 10, 1, 1, 0, ' '),
(6, '07:12:00.0000', 10, 1, 0, 1, ' '),
(7, '11:47:00.0000', 10, 1, 1, 0, ' '),
(8, '13:02:00.0000', 10, 1, 1, 0, ' '),
(9, '17:17:00.0000', 10, 1, 1, 0, ' '),
(10, '19:12:00.0000', 10, 1, 1, 1, ' '),
(11, '20:17:00.0000', 10, 1, 1, 1, ' '),
(12, '21:12:00.0000', 10, 1, 1, 1, ' '),
(13, '23:12:00.0000', 10, 1, 1, 1, ' '),
(61, '04:34:00.0000', 10, 17, 1, 1, ' '),
(62, '05:34:00.0000', 10, 17, 1, 1, ' '),
(63, '06:19:00.0000', 10, 17, 1, 1, ' '),
(64, '06:59:00.0000', 10, 17, 1, 1, ' '),
(65, '07:49:00.0000', 10, 17, 1, 0, ' '),
(66, '07:54:00.0000', 10, 17, 0, 1, ' '),
(67, '12:39:00.0000', 10, 17, 1, 0, ' '),
(68, '14:04:00.0000', 10, 17, 1, 0, ' '),
(69, '17:54:00.0000', 10, 17, 1, 0, ' '),
(70, '19:49:00.0000', 10, 17, 1, 1, ' '),
(71, '20:54:00.0000', 10, 17, 1, 1, ' '),
(72, '21:49:00.0000', 10, 17, 1, 1, ' ');

-- --------------------------------------------------------

--
-- Структура таблицы `сom_center`
--

CREATE TABLE `сom_center` (
  `dep_id` int(11) NOT NULL,
  `departure` time(4) NOT NULL,
  `bus_id` int(11) NOT NULL,
  `dest_id` int(11) NOT NULL,
  `week_day` tinyint(1) NOT NULL,
  `day_off` tinyint(1) NOT NULL,
  `comment` varchar(25) DEFAULT NULL
) ENGINE=InnoDB DEFAULT CHARSET=utf8;

--
-- Дамп данных таблицы `сom_center`
--

INSERT INTO `сom_center` (`dep_id`, `departure`, `bus_id`, `dest_id`, `week_day`, `day_off`, `comment`) VALUES
(1, '10:13:00.0000', 1, 4, 1, 1, ' '),
(2, '11:13:00.0000', 1, 4, 1, 1, ' '),
(3, '12:13:00.0000', 1, 4, 0, 1, ' '),
(4, '13:58:00.0000', 1, 4, 1, 1, ' '),
(5, '18:13:00.0000', 1, 4, 1, 1, ' '),
(1, '07:48:00.0000', 1, 8, 1, 0, ' '),
(2, '09:38:00.0000', 1, 8, 1, 1, ' '),
(3, '10:38:00.0000', 1, 8, 1, 1, ' '),
(4, '11:38:00.0000', 1, 8, 0, 1, ' '),
(5, '12:58:00.0000', 1, 8, 1, 1, ' '),
(6, '17:38:00.0000', 1, 8, 1, 1, ' '),
(7, '20:18:00.0000', 1, 8, 1, 1, ' '),
(33, '08:30:00.0000', 2, 4, 1, 0, ' '),
(34, '08:45:00.0000', 2, 4, 0, 1, ' '),
(35, '09:00:00.0000', 2, 4, 1, 0, ' '),
(36, '09:40:00.0000', 2, 4, 1, 1, ' '),
(37, '10:00:00.0000', 2, 4, 1, 0, ' '),
(38, '10:45:00.0000', 2, 4, 1, 1, ' '),
(39, '11:45:00.0000', 2, 4, 1, 1, ' '),
(40, '12:25:00.0000', 2, 4, 1, 0, ' '),
(41, '13:20:00.0000', 2, 4, 1, 0, ' '),
(42, '14:15:00.0000', 2, 4, 1, 1, ' '),
(43, '14:30:00.0000', 2, 4, 1, 0, ' '),
(44, '15:15:00.0000', 2, 4, 1, 1, ' '),
(45, '16:00:00.0000', 2, 4, 1, 0, ' '),
(46, '16:15:00.0000', 2, 4, 1, 1, ' '),
(47, '16:30:00.0000', 2, 4, 1, 0, ' '),
(48, '17:15:00.0000', 2, 4, 1, 1, ' '),
(49, '17:35:00.0000', 2, 4, 1, 0, ' '),
(8, '07:29:00.0000', 2, 8, 1, 1, ' '),
(9, '08:19:00.0000', 2, 8, 1, 1, ' '),
(10, '09:04:00.0000', 2, 8, 1, 1, ' '),
(11, '09:24:00.0000', 2, 8, 1, 0, ' '),
(12, '10:04:00.0000', 2, 8, 1, 1, ' '),
(13, '11:04:00.0000', 2, 8, 1, 1, ' '),
(14, '11:44:00.0000', 2, 8, 1, 0, ' '),
(15, '12:44:00.0000', 2, 8, 1, 0, ' '),
(16, '13:34:00.0000', 2, 8, 1, 1, ' '),
(17, '13:54:00.0000', 2, 8, 1, 0, ' '),
(18, '14:34:00.0000', 2, 8, 1, 1, ' '),
(19, '15:34:00.0000', 2, 8, 1, 1, ' '),
(20, '15:49:00.0000', 2, 8, 1, 0, ' '),
(21, '16:34:00.0000', 2, 8, 1, 1, ' '),
(22, '16:54:00.0000', 2, 8, 1, 0, ' '),
(23, '17:59:00.0000', 2, 8, 1, 1, ' '),
(74, '08:44:00.0000', 11, 8, 1, 0, ' '),
(75, '09:54:00.0000', 11, 8, 1, 0, ' '),
(76, '10:29:00.0000', 11, 8, 1, 1, ' '),
(77, '10:59:00.0000', 11, 8, 1, 0, ' '),
(78, '11:29:00.0000', 11, 8, 1, 1, ' '),
(79, '11:59:00.0000', 11, 8, 1, 0, ' '),
(80, '12:29:00.0000', 11, 8, 1, 1, ' '),
(81, '13:19:00.0000', 11, 8, 1, 1, ' '),
(82, '14:19:00.0000', 11, 8, 1, 1, ' '),
(83, '15:19:00.0000', 11, 8, 1, 1, ' '),
(84, '16:19:00.0000', 11, 8, 1, 1, ' '),
(85, '17:29:00.0000', 11, 8, 1, 1, ' '),
(86, '18:39:00.0000', 11, 8, 1, 1, ' '),
(87, '19:39:00.0000', 11, 8, 1, 1, ' '),
(53, '07:43:00.0000', 11, 4, 1, 1, ' '),
(54, '09:28:00.0000', 11, 4, 1, 0, ' '),
(55, '10:08:00.0000', 11, 4, 1, 1, ' '),
(56, '10:28:00.0000', 11, 4, 1, 0, ' '),
(57, '11:03:00.0000', 11, 4, 1, 1, ' '),
(58, '11:33:00.0000', 11, 4, 1, 0, ' '),
(59, '12:03:00.0000', 11, 4, 1, 1, ' '),
(60, '12:38:00.0000', 11, 4, 1, 0, ' '),
(61, '13:03:00.0000', 11, 4, 1, 1, ' '),
(62, '13:53:00.0000', 11, 4, 1, 1, ' '),
(63, '14:53:00.0000', 11, 4, 1, 1, ' '),
(64, '15:53:00.0000', 11, 4, 1, 1, ' '),
(65, '17:03:00.0000', 11, 4, 1, 1, ' '),
(66, '18:03:00.0000', 11, 4, 1, 1, ' '),
(67, '19:13:00.0000', 11, 4, 1, 1, ' '),
(68, '20:13:00.0000', 11, 4, 1, 1, ' '),
(49, '17:12:00.0000', 14, 11, 1, 0, ' '),
(79, '07:33:00.0000', 14, 4, 1, 0, ' '),
(80, '08:08:00.0000', 14, 4, 1, 1, ' '),
(81, '08:38:00.0000', 14, 4, 1, 0, ' '),
(82, '09:18:00.0000', 14, 4, 1, 1, ' '),
(83, '12:28:00.0000', 14, 4, 1, 0, ' '),
(50, '11:37:00.0000', 15, 19, 1, 0, ' ');

--
-- Индексы сохранённых таблиц
--

--
-- Индексы таблицы `ag_machinery`
--
ALTER TABLE `ag_machinery`
  ADD KEY `bus_id` (`bus_id`),
  ADD KEY `dep_id` (`dep_id`),
  ADD KEY `ag_machinery_ibfk_2` (`dest_id`);

--
-- Индексы таблицы `alesya`
--
ALTER TABLE `alesya`
  ADD KEY `bus_id` (`bus_id`),
  ADD KEY `dep_id` (`dep_id`),
  ADD KEY `alesya_ibfk_2` (`dest_id`);

--
-- Индексы таблицы `allbuses`
--
ALTER TABLE `allbuses`
  ADD PRIMARY KEY (`bus_id`);

--
-- Индексы таблицы `alldestinations`
--
ALTER TABLE `alldestinations`
  ADD PRIMARY KEY (`dest_id`);

--
-- Индексы таблицы `allstops`
--
ALTER TABLE `allstops`
  ADD PRIMARY KEY (`stop_id`);

--
-- Индексы таблицы `bakery_plant`
--
ALTER TABLE `bakery_plant`
  ADD KEY `bus_id` (`bus_id`),
  ADD KEY `dep_id` (`dep_id`),
  ADD KEY `bakery_plant_ibfk_2` (`dest_id`);

--
-- Индексы таблицы `bus_station`
--
ALTER TABLE `bus_station`
  ADD PRIMARY KEY (`dep_id`),
  ADD KEY `bus_id` (`bus_id`),
  ADD KEY `destination_id` (`dest_id`);

--
-- Индексы таблицы `car_park`
--
ALTER TABLE `car_park`
  ADD PRIMARY KEY (`dep_id`),
  ADD KEY `bus_id` (`bus_id`),
  ADD KEY `car_park_ibfk_2` (`dest_id`);

--
-- Индексы таблицы `cemetery`
--
ALTER TABLE `cemetery`
  ADD PRIMARY KEY (`dep_id`),
  ADD KEY `bus_id` (`bus_id`),
  ADD KEY `cemetery_ibfk_2` (`dest_id`);

--
-- Индексы таблицы `city_forestry`
--
ALTER TABLE `city_forestry`
  ADD KEY `bus_id` (`bus_id`),
  ADD KEY `dep_id` (`dep_id`),
  ADD KEY `destination_id` (`dest_id`);

--
-- Индексы таблицы `city_gas`
--
ALTER TABLE `city_gas`
  ADD KEY `bus_id` (`bus_id`),
  ADD KEY `dep_id` (`dep_id`),
  ADD KEY `city_gas_ibfk_2` (`dest_id`);

--
-- Индексы таблицы `east`
--
ALTER TABLE `east`
  ADD PRIMARY KEY (`dep_id`),
  ADD KEY `bus_id` (`bus_id`),
  ADD KEY `destination_id` (`dest_id`);

--
-- Индексы таблицы `electricity`
--
ALTER TABLE `electricity`
  ADD KEY `bus_id` (`bus_id`),
  ADD KEY `dep_id` (`dep_id`),
  ADD KEY `destination_id` (`dest_id`);

--
-- Индексы таблицы `evroopt`
--
ALTER TABLE `evroopt`
  ADD KEY `bus_id` (`bus_id`),
  ADD KEY `dest_id` (`dest_id`);

--
-- Индексы таблицы `field`
--
ALTER TABLE `field`
  ADD PRIMARY KEY (`dep_id`),
  ADD KEY `bus_id` (`bus_id`),
  ADD KEY `destination_id` (`dest_id`);

--
-- Индексы таблицы `forestry`
--
ALTER TABLE `forestry`
  ADD PRIMARY KEY (`dep_id`),
  ADD KEY `bus_id` (`bus_id`),
  ADD KEY `destination_id` (`dest_id`);

--
-- Индексы таблицы `gagarina_st`
--
ALTER TABLE `gagarina_st`
  ADD KEY `bus_id` (`bus_id`),
  ADD KEY `dep_id` (`dep_id`),
  ADD KEY `destination_id` (`dest_id`);

--
-- Индексы таблицы `gas_station`
--
ALTER TABLE `gas_station`
  ADD KEY `bus_id` (`bus_id`),
  ADD KEY `dep_id` (`dep_id`),
  ADD KEY `destination_id` (`dest_id`);

--
-- Индексы таблицы `green_meadow`
--
ALTER TABLE `green_meadow`
  ADD KEY `bus_id` (`bus_id`),
  ADD KEY `dep_id` (`dep_id`),
  ADD KEY `destination_id` (`dest_id`);

--
-- Индексы таблицы `hales`
--
ALTER TABLE `hales`
  ADD KEY `bus_id` (`bus_id`),
  ADD KEY `dep_id` (`dep_id`),
  ADD KEY `destination_id` (`dest_id`);

--
-- Индексы таблицы `hcs`
--
ALTER TABLE `hcs`
  ADD KEY `bus_id` (`bus_id`),
  ADD KEY `dep_id` (`dep_id`),
  ADD KEY `destination_id` (`dest_id`);

--
-- Индексы таблицы `hospital`
--
ALTER TABLE `hospital`
  ADD PRIMARY KEY (`dep_id`),
  ADD KEY `bus_id` (`bus_id`),
  ADD KEY `destination_id` (`dest_id`);

--
-- Индексы таблицы `hotel`
--
ALTER TABLE `hotel`
  ADD KEY `bus_id` (`bus_id`),
  ADD KEY `dep_id` (`dep_id`),
  ADD KEY `destination_id` (`dest_id`);

--
-- Индексы таблицы `justice_house`
--
ALTER TABLE `justice_house`
  ADD KEY `bus_id` (`bus_id`),
  ADD KEY `dep_id` (`dep_id`),
  ADD KEY `destination_id` (`dest_id`);

--
-- Индексы таблицы `kolosok`
--
ALTER TABLE `kolosok`
  ADD KEY `bus_id` (`bus_id`),
  ADD KEY `dep_id` (`dep_id`),
  ADD KEY `destination_id` (`dest_id`);

--
-- Индексы таблицы `koreni`
--
ALTER TABLE `koreni`
  ADD PRIMARY KEY (`dep_id`),
  ADD KEY `bus_id` (`bus_id`),
  ADD KEY `destination_id` (`dest_id`);

--
-- Индексы таблицы `koreni_village`
--
ALTER TABLE `koreni_village`
  ADD KEY `bus_id` (`bus_id`),
  ADD KEY `dep_id` (`dep_id`),
  ADD KEY `destination_id` (`dest_id`);

--
-- Индексы таблицы `lmz`
--
ALTER TABLE `lmz`
  ADD KEY `bus_id` (`bus_id`),
  ADD KEY `dep_id` (`dep_id`),
  ADD KEY `destination_id` (`dest_id`);

--
-- Индексы таблицы `market`
--
ALTER TABLE `market`
  ADD KEY `bus_id` (`bus_id`),
  ADD KEY `dep_id` (`dep_id`),
  ADD KEY `destination_id` (`dest_id`);

--
-- Индексы таблицы `molodeznaya_st`
--
ALTER TABLE `molodeznaya_st`
  ADD KEY `bus_id` (`bus_id`),
  ADD KEY `dep_id` (`dep_id`),
  ADD KEY `destination_id` (`dest_id`);

--
-- Индексы таблицы `molodezniy`
--
ALTER TABLE `molodezniy`
  ADD PRIMARY KEY (`dep_id`),
  ADD KEY `bus_id` (`bus_id`),
  ADD KEY `destination_id` (`dest_id`);

--
-- Индексы таблицы `polyclinic`
--
ALTER TABLE `polyclinic`
  ADD KEY `bus_id` (`bus_id`),
  ADD KEY `dep_id` (`dep_id`),
  ADD KEY `destination_id` (`dest_id`);

--
-- Индексы таблицы `red_army`
--
ALTER TABLE `red_army`
  ADD KEY `bus_id` (`bus_id`),
  ADD KEY `dep_id` (`dep_id`),
  ADD KEY `destination_id` (`dest_id`);

--
-- Индексы таблицы `rw_station`
--
ALTER TABLE `rw_station`
  ADD PRIMARY KEY (`dep_id`),
  ADD KEY `bus_id` (`bus_id`),
  ADD KEY `destination_id` (`dest_id`);

--
-- Индексы таблицы `sadovaya`
--
ALTER TABLE `sadovaya`
  ADD KEY `bus_id` (`bus_id`),
  ADD KEY `dep_id` (`dep_id`),
  ADD KEY `destination_id` (`dest_id`);

--
-- Индексы таблицы `saz`
--
ALTER TABLE `saz`
  ADD PRIMARY KEY (`dep_id`),
  ADD KEY `bus_id` (`bus_id`),
  ADD KEY `destination_id` (`dest_id`);

--
-- Индексы таблицы `school_1`
--
ALTER TABLE `school_1`
  ADD KEY `bus_id` (`bus_id`),
  ADD KEY `dep_id` (`dep_id`),
  ADD KEY `destination_id` (`dest_id`);

--
-- Индексы таблицы `school_2`
--
ALTER TABLE `school_2`
  ADD KEY `bus_id` (`bus_id`),
  ADD KEY `dep_id` (`dep_id`),
  ADD KEY `destination_id` (`dest_id`);

--
-- Индексы таблицы `school_3`
--
ALTER TABLE `school_3`
  ADD KEY `bus_id` (`bus_id`),
  ADD KEY `dep_id` (`dep_id`),
  ADD KEY `destination_id` (`dest_id`);

--
-- Индексы таблицы `school_7`
--
ALTER TABLE `school_7`
  ADD KEY `bus_id` (`bus_id`),
  ADD KEY `dep_id` (`dep_id`),
  ADD KEY `destination_id` (`dest_id`);

--
-- Индексы таблицы `shop`
--
ALTER TABLE `shop`
  ADD KEY `bus_id` (`bus_id`),
  ADD KEY `dep_id` (`dep_id`),
  ADD KEY `destination_id` (`dest_id`);

--
-- Индексы таблицы `shop_5`
--
ALTER TABLE `shop_5`
  ADD KEY `bus_id` (`bus_id`),
  ADD KEY `dep_id` (`dep_id`),
  ADD KEY `destination_id` (`dest_id`);

--
-- Индексы таблицы `spc`
--
ALTER TABLE `spc`
  ADD KEY `bus_id` (`bus_id`),
  ADD KEY `dep_id` (`dep_id`),
  ADD KEY `destination_id` (`dest_id`);

--
-- Индексы таблицы `square`
--
ALTER TABLE `square`
  ADD KEY `bus_id` (`bus_id`),
  ADD KEY `dep_id` (`dep_id`),
  ADD KEY `destination_id` (`dest_id`);

--
-- Индексы таблицы `szos`
--
ALTER TABLE `szos`
  ADD KEY `bus_id` (`bus_id`),
  ADD KEY `dep_id` (`dep_id`),
  ADD KEY `destination_id` (`dest_id`);

--
-- Индексы таблицы `veterinary`
--
ALTER TABLE `veterinary`
  ADD KEY `bus_id` (`bus_id`),
  ADD KEY `dep_id` (`dep_id`),
  ADD KEY `destination_id` (`dest_id`);

--
-- Индексы таблицы `water_intake`
--
ALTER TABLE `water_intake`
  ADD KEY `bus_id` (`bus_id`),
  ADD KEY `dep_id` (`dep_id`),
  ADD KEY `destination_id` (`dest_id`);

--
-- Индексы таблицы `west`
--
ALTER TABLE `west`
  ADD KEY `bus_id` (`bus_id`),
  ADD KEY `dep_id` (`dep_id`),
  ADD KEY `destination_id` (`dest_id`);

--
-- Индексы таблицы `zaslonova_st`
--
ALTER TABLE `zaslonova_st`
  ADD KEY `bus_id` (`bus_id`),
  ADD KEY `dep_id` (`dep_id`),
  ADD KEY `destination_id` (`dest_id`);

--
-- Индексы таблицы `сom_center`
--
ALTER TABLE `сom_center`
  ADD KEY `bus_id` (`bus_id`),
  ADD KEY `dep_id` (`dep_id`),
  ADD KEY `destination_id` (`dest_id`);

--
-- AUTO_INCREMENT для сохранённых таблиц
--

--
-- AUTO_INCREMENT для таблицы `allbuses`
--
ALTER TABLE `allbuses`
  MODIFY `bus_id` int(11) NOT NULL AUTO_INCREMENT, AUTO_INCREMENT=20;

--
-- AUTO_INCREMENT для таблицы `alldestinations`
--
ALTER TABLE `alldestinations`
  MODIFY `dest_id` int(11) NOT NULL AUTO_INCREMENT, AUTO_INCREMENT=24;

--
-- AUTO_INCREMENT для таблицы `allstops`
--
ALTER TABLE `allstops`
  MODIFY `stop_id` int(11) NOT NULL AUTO_INCREMENT, AUTO_INCREMENT=49;

--
-- AUTO_INCREMENT для таблицы `bus_station`
--
ALTER TABLE `bus_station`
  MODIFY `dep_id` int(11) NOT NULL AUTO_INCREMENT, AUTO_INCREMENT=17;

--
-- AUTO_INCREMENT для таблицы `car_park`
--
ALTER TABLE `car_park`
  MODIFY `dep_id` int(11) NOT NULL AUTO_INCREMENT, AUTO_INCREMENT=17;

--
-- AUTO_INCREMENT для таблицы `cemetery`
--
ALTER TABLE `cemetery`
  MODIFY `dep_id` int(11) NOT NULL AUTO_INCREMENT, AUTO_INCREMENT=3;

--
-- AUTO_INCREMENT для таблицы `east`
--
ALTER TABLE `east`
  MODIFY `dep_id` int(11) NOT NULL AUTO_INCREMENT, AUTO_INCREMENT=183;

--
-- AUTO_INCREMENT для таблицы `field`
--
ALTER TABLE `field`
  MODIFY `dep_id` int(11) NOT NULL AUTO_INCREMENT, AUTO_INCREMENT=3;

--
-- AUTO_INCREMENT для таблицы `forestry`
--
ALTER TABLE `forestry`
  MODIFY `dep_id` int(11) NOT NULL AUTO_INCREMENT, AUTO_INCREMENT=15;

--
-- AUTO_INCREMENT для таблицы `hospital`
--
ALTER TABLE `hospital`
  MODIFY `dep_id` int(11) NOT NULL AUTO_INCREMENT, AUTO_INCREMENT=90;

--
-- AUTO_INCREMENT для таблицы `koreni`
--
ALTER TABLE `koreni`
  MODIFY `dep_id` int(11) NOT NULL AUTO_INCREMENT, AUTO_INCREMENT=90;

--
-- AUTO_INCREMENT для таблицы `molodezniy`
--
ALTER TABLE `molodezniy`
  MODIFY `dep_id` int(11) NOT NULL AUTO_INCREMENT, AUTO_INCREMENT=6;

--
-- AUTO_INCREMENT для таблицы `rw_station`
--
ALTER TABLE `rw_station`
  MODIFY `dep_id` int(11) NOT NULL AUTO_INCREMENT, AUTO_INCREMENT=75;

--
-- AUTO_INCREMENT для таблицы `saz`
--
ALTER TABLE `saz`
  MODIFY `dep_id` int(11) NOT NULL AUTO_INCREMENT, AUTO_INCREMENT=20;

--
-- Ограничения внешнего ключа сохраненных таблиц
--

--
-- Ограничения внешнего ключа таблицы `ag_machinery`
--
ALTER TABLE `ag_machinery`
  ADD CONSTRAINT `ag_machinery_ibfk_1` FOREIGN KEY (`bus_id`) REFERENCES `allbuses` (`bus_id`) ON DELETE CASCADE ON UPDATE CASCADE,
  ADD CONSTRAINT `ag_machinery_ibfk_2` FOREIGN KEY (`dest_id`) REFERENCES `alldestinations` (`dest_id`) ON DELETE CASCADE ON UPDATE CASCADE;

--
-- Ограничения внешнего ключа таблицы `alesya`
--
ALTER TABLE `alesya`
  ADD CONSTRAINT `alesya_ibfk_1` FOREIGN KEY (`bus_id`) REFERENCES `allbuses` (`bus_id`) ON DELETE CASCADE ON UPDATE CASCADE,
  ADD CONSTRAINT `alesya_ibfk_2` FOREIGN KEY (`dest_id`) REFERENCES `alldestinations` (`dest_id`) ON DELETE CASCADE ON UPDATE CASCADE;

--
-- Ограничения внешнего ключа таблицы `bakery_plant`
--
ALTER TABLE `bakery_plant`
  ADD CONSTRAINT `bakery_plant_ibfk_1` FOREIGN KEY (`bus_id`) REFERENCES `allbuses` (`bus_id`) ON DELETE CASCADE ON UPDATE CASCADE,
  ADD CONSTRAINT `bakery_plant_ibfk_2` FOREIGN KEY (`dest_id`) REFERENCES `alldestinations` (`dest_id`) ON DELETE CASCADE ON UPDATE CASCADE;

--
-- Ограничения внешнего ключа таблицы `bus_station`
--
ALTER TABLE `bus_station`
  ADD CONSTRAINT `bus_station_ibfk_1` FOREIGN KEY (`bus_id`) REFERENCES `allbuses` (`bus_id`) ON DELETE CASCADE ON UPDATE CASCADE,
  ADD CONSTRAINT `bus_station_ibfk_2` FOREIGN KEY (`dest_id`) REFERENCES `alldestinations` (`dest_id`) ON DELETE CASCADE ON UPDATE CASCADE;

--
-- Ограничения внешнего ключа таблицы `car_park`
--
ALTER TABLE `car_park`
  ADD CONSTRAINT `car_park_ibfk_1` FOREIGN KEY (`bus_id`) REFERENCES `allbuses` (`bus_id`) ON DELETE CASCADE ON UPDATE CASCADE,
  ADD CONSTRAINT `car_park_ibfk_2` FOREIGN KEY (`dest_id`) REFERENCES `alldestinations` (`dest_id`) ON DELETE CASCADE ON UPDATE CASCADE;

--
-- Ограничения внешнего ключа таблицы `cemetery`
--
ALTER TABLE `cemetery`
  ADD CONSTRAINT `cemetery_ibfk_1` FOREIGN KEY (`bus_id`) REFERENCES `allbuses` (`bus_id`) ON DELETE CASCADE ON UPDATE CASCADE,
  ADD CONSTRAINT `cemetery_ibfk_2` FOREIGN KEY (`dest_id`) REFERENCES `alldestinations` (`dest_id`) ON DELETE CASCADE ON UPDATE CASCADE;

--
-- Ограничения внешнего ключа таблицы `city_forestry`
--
ALTER TABLE `city_forestry`
  ADD CONSTRAINT `city_forestry_ibfk_1` FOREIGN KEY (`bus_id`) REFERENCES `allbuses` (`bus_id`) ON DELETE CASCADE ON UPDATE CASCADE,
  ADD CONSTRAINT `city_forestry_ibfk_2` FOREIGN KEY (`dest_id`) REFERENCES `alldestinations` (`dest_id`) ON DELETE CASCADE ON UPDATE CASCADE;

--
-- Ограничения внешнего ключа таблицы `city_gas`
--
ALTER TABLE `city_gas`
  ADD CONSTRAINT `city_gas_ibfk_1` FOREIGN KEY (`bus_id`) REFERENCES `allbuses` (`bus_id`) ON DELETE CASCADE ON UPDATE CASCADE,
  ADD CONSTRAINT `city_gas_ibfk_2` FOREIGN KEY (`dest_id`) REFERENCES `alldestinations` (`dest_id`) ON DELETE CASCADE ON UPDATE CASCADE;

--
-- Ограничения внешнего ключа таблицы `east`
--
ALTER TABLE `east`
  ADD CONSTRAINT `east_ibfk_1` FOREIGN KEY (`bus_id`) REFERENCES `allbuses` (`bus_id`) ON DELETE CASCADE ON UPDATE CASCADE,
  ADD CONSTRAINT `east_ibfk_2` FOREIGN KEY (`dest_id`) REFERENCES `alldestinations` (`dest_id`) ON DELETE CASCADE ON UPDATE CASCADE;

--
-- Ограничения внешнего ключа таблицы `electricity`
--
ALTER TABLE `electricity`
  ADD CONSTRAINT `electricity_ibfk_1` FOREIGN KEY (`bus_id`) REFERENCES `allbuses` (`bus_id`) ON DELETE CASCADE ON UPDATE CASCADE,
  ADD CONSTRAINT `electricity_ibfk_2` FOREIGN KEY (`dest_id`) REFERENCES `alldestinations` (`dest_id`) ON DELETE CASCADE ON UPDATE CASCADE;

--
-- Ограничения внешнего ключа таблицы `evroopt`
--
ALTER TABLE `evroopt`
  ADD CONSTRAINT `evroopt_ibfk_1` FOREIGN KEY (`bus_id`) REFERENCES `allbuses` (`bus_id`) ON DELETE CASCADE ON UPDATE CASCADE,
  ADD CONSTRAINT `evroopt_ibfk_2` FOREIGN KEY (`dest_id`) REFERENCES `alldestinations` (`dest_id`) ON DELETE CASCADE ON UPDATE CASCADE;

--
-- Ограничения внешнего ключа таблицы `field`
--
ALTER TABLE `field`
  ADD CONSTRAINT `field_ibfk_1` FOREIGN KEY (`bus_id`) REFERENCES `allbuses` (`bus_id`) ON DELETE CASCADE ON UPDATE CASCADE,
  ADD CONSTRAINT `field_ibfk_2` FOREIGN KEY (`dest_id`) REFERENCES `alldestinations` (`dest_id`) ON DELETE CASCADE ON UPDATE CASCADE;

--
-- Ограничения внешнего ключа таблицы `forestry`
--
ALTER TABLE `forestry`
  ADD CONSTRAINT `forestry_ibfk_1` FOREIGN KEY (`bus_id`) REFERENCES `allbuses` (`bus_id`) ON DELETE CASCADE ON UPDATE CASCADE,
  ADD CONSTRAINT `forestry_ibfk_2` FOREIGN KEY (`dest_id`) REFERENCES `alldestinations` (`dest_id`) ON DELETE CASCADE ON UPDATE CASCADE;

--
-- Ограничения внешнего ключа таблицы `gagarina_st`
--
ALTER TABLE `gagarina_st`
  ADD CONSTRAINT `gagarina_st_ibfk_1` FOREIGN KEY (`bus_id`) REFERENCES `allbuses` (`bus_id`) ON DELETE CASCADE ON UPDATE CASCADE,
  ADD CONSTRAINT `gagarina_st_ibfk_2` FOREIGN KEY (`dest_id`) REFERENCES `alldestinations` (`dest_id`) ON DELETE CASCADE ON UPDATE CASCADE;

--
-- Ограничения внешнего ключа таблицы `gas_station`
--
ALTER TABLE `gas_station`
  ADD CONSTRAINT `gas_station_ibfk_1` FOREIGN KEY (`bus_id`) REFERENCES `allbuses` (`bus_id`) ON DELETE CASCADE ON UPDATE CASCADE,
  ADD CONSTRAINT `gas_station_ibfk_2` FOREIGN KEY (`dest_id`) REFERENCES `alldestinations` (`dest_id`) ON DELETE CASCADE ON UPDATE CASCADE;

--
-- Ограничения внешнего ключа таблицы `green_meadow`
--
ALTER TABLE `green_meadow`
  ADD CONSTRAINT `green_meadow_ibfk_1` FOREIGN KEY (`bus_id`) REFERENCES `allbuses` (`bus_id`) ON DELETE CASCADE ON UPDATE CASCADE,
  ADD CONSTRAINT `green_meadow_ibfk_2` FOREIGN KEY (`dest_id`) REFERENCES `alldestinations` (`dest_id`) ON DELETE CASCADE ON UPDATE CASCADE;

--
-- Ограничения внешнего ключа таблицы `hales`
--
ALTER TABLE `hales`
  ADD CONSTRAINT `hales_ibfk_1` FOREIGN KEY (`bus_id`) REFERENCES `allbuses` (`bus_id`) ON DELETE CASCADE ON UPDATE CASCADE,
  ADD CONSTRAINT `hales_ibfk_2` FOREIGN KEY (`dest_id`) REFERENCES `alldestinations` (`dest_id`) ON DELETE CASCADE ON UPDATE CASCADE;

--
-- Ограничения внешнего ключа таблицы `hcs`
--
ALTER TABLE `hcs`
  ADD CONSTRAINT `hcs_ibfk_1` FOREIGN KEY (`bus_id`) REFERENCES `allbuses` (`bus_id`) ON DELETE CASCADE ON UPDATE CASCADE,
  ADD CONSTRAINT `hcs_ibfk_2` FOREIGN KEY (`dest_id`) REFERENCES `alldestinations` (`dest_id`) ON DELETE CASCADE ON UPDATE CASCADE;

--
-- Ограничения внешнего ключа таблицы `hospital`
--
ALTER TABLE `hospital`
  ADD CONSTRAINT `hospital_ibfk_1` FOREIGN KEY (`bus_id`) REFERENCES `allbuses` (`bus_id`) ON DELETE CASCADE ON UPDATE CASCADE,
  ADD CONSTRAINT `hospital_ibfk_2` FOREIGN KEY (`dest_id`) REFERENCES `alldestinations` (`dest_id`) ON DELETE CASCADE ON UPDATE CASCADE;

--
-- Ограничения внешнего ключа таблицы `hotel`
--
ALTER TABLE `hotel`
  ADD CONSTRAINT `hotel_ibfk_1` FOREIGN KEY (`bus_id`) REFERENCES `allbuses` (`bus_id`) ON DELETE CASCADE ON UPDATE CASCADE,
  ADD CONSTRAINT `hotel_ibfk_2` FOREIGN KEY (`dest_id`) REFERENCES `alldestinations` (`dest_id`) ON DELETE CASCADE ON UPDATE CASCADE;

--
-- Ограничения внешнего ключа таблицы `justice_house`
--
ALTER TABLE `justice_house`
  ADD CONSTRAINT `justice_house_ibfk_1` FOREIGN KEY (`bus_id`) REFERENCES `allbuses` (`bus_id`) ON DELETE CASCADE ON UPDATE CASCADE,
  ADD CONSTRAINT `justice_house_ibfk_2` FOREIGN KEY (`dest_id`) REFERENCES `alldestinations` (`dest_id`) ON DELETE CASCADE ON UPDATE CASCADE;

--
-- Ограничения внешнего ключа таблицы `kolosok`
--
ALTER TABLE `kolosok`
  ADD CONSTRAINT `kolosok_ibfk_1` FOREIGN KEY (`bus_id`) REFERENCES `allbuses` (`bus_id`) ON DELETE CASCADE ON UPDATE CASCADE,
  ADD CONSTRAINT `kolosok_ibfk_2` FOREIGN KEY (`dest_id`) REFERENCES `alldestinations` (`dest_id`) ON DELETE CASCADE ON UPDATE CASCADE;

--
-- Ограничения внешнего ключа таблицы `koreni`
--
ALTER TABLE `koreni`
  ADD CONSTRAINT `koreni_ibfk_1` FOREIGN KEY (`bus_id`) REFERENCES `allbuses` (`bus_id`) ON DELETE CASCADE ON UPDATE CASCADE,
  ADD CONSTRAINT `koreni_ibfk_2` FOREIGN KEY (`dest_id`) REFERENCES `alldestinations` (`dest_id`) ON DELETE CASCADE ON UPDATE CASCADE;

--
-- Ограничения внешнего ключа таблицы `koreni_village`
--
ALTER TABLE `koreni_village`
  ADD CONSTRAINT `koreni_village_ibfk_1` FOREIGN KEY (`bus_id`) REFERENCES `allbuses` (`bus_id`) ON DELETE CASCADE ON UPDATE CASCADE,
  ADD CONSTRAINT `koreni_village_ibfk_2` FOREIGN KEY (`dest_id`) REFERENCES `alldestinations` (`dest_id`) ON DELETE CASCADE ON UPDATE CASCADE;

--
-- Ограничения внешнего ключа таблицы `lmz`
--
ALTER TABLE `lmz`
  ADD CONSTRAINT `lmz_ibfk_1` FOREIGN KEY (`bus_id`) REFERENCES `allbuses` (`bus_id`) ON DELETE CASCADE ON UPDATE CASCADE,
  ADD CONSTRAINT `lmz_ibfk_2` FOREIGN KEY (`dest_id`) REFERENCES `alldestinations` (`dest_id`) ON DELETE CASCADE ON UPDATE CASCADE;

--
-- Ограничения внешнего ключа таблицы `market`
--
ALTER TABLE `market`
  ADD CONSTRAINT `market_ibfk_1` FOREIGN KEY (`bus_id`) REFERENCES `allbuses` (`bus_id`) ON DELETE CASCADE ON UPDATE CASCADE,
  ADD CONSTRAINT `market_ibfk_2` FOREIGN KEY (`dest_id`) REFERENCES `alldestinations` (`dest_id`) ON DELETE CASCADE ON UPDATE CASCADE;

--
-- Ограничения внешнего ключа таблицы `molodeznaya_st`
--
ALTER TABLE `molodeznaya_st`
  ADD CONSTRAINT `molodeznaya_st_ibfk_1` FOREIGN KEY (`bus_id`) REFERENCES `allbuses` (`bus_id`) ON DELETE CASCADE ON UPDATE CASCADE,
  ADD CONSTRAINT `molodeznaya_st_ibfk_2` FOREIGN KEY (`dest_id`) REFERENCES `alldestinations` (`dest_id`) ON DELETE CASCADE ON UPDATE CASCADE;

--
-- Ограничения внешнего ключа таблицы `molodezniy`
--
ALTER TABLE `molodezniy`
  ADD CONSTRAINT `molodezniy_ibfk_1` FOREIGN KEY (`bus_id`) REFERENCES `allbuses` (`bus_id`) ON DELETE CASCADE ON UPDATE CASCADE,
  ADD CONSTRAINT `molodezniy_ibfk_2` FOREIGN KEY (`dest_id`) REFERENCES `alldestinations` (`dest_id`) ON DELETE CASCADE ON UPDATE CASCADE;

--
-- Ограничения внешнего ключа таблицы `polyclinic`
--
ALTER TABLE `polyclinic`
  ADD CONSTRAINT `polyclinic_ibfk_1` FOREIGN KEY (`bus_id`) REFERENCES `allbuses` (`bus_id`) ON DELETE CASCADE ON UPDATE CASCADE,
  ADD CONSTRAINT `polyclinic_ibfk_2` FOREIGN KEY (`dest_id`) REFERENCES `alldestinations` (`dest_id`) ON DELETE CASCADE ON UPDATE CASCADE;

--
-- Ограничения внешнего ключа таблицы `red_army`
--
ALTER TABLE `red_army`
  ADD CONSTRAINT `red_army_ibfk_1` FOREIGN KEY (`bus_id`) REFERENCES `allbuses` (`bus_id`) ON DELETE CASCADE ON UPDATE CASCADE,
  ADD CONSTRAINT `red_army_ibfk_2` FOREIGN KEY (`dest_id`) REFERENCES `alldestinations` (`dest_id`) ON DELETE CASCADE ON UPDATE CASCADE;

--
-- Ограничения внешнего ключа таблицы `rw_station`
--
ALTER TABLE `rw_station`
  ADD CONSTRAINT `rw_station_ibfk_1` FOREIGN KEY (`bus_id`) REFERENCES `allbuses` (`bus_id`) ON DELETE CASCADE ON UPDATE CASCADE,
  ADD CONSTRAINT `rw_station_ibfk_2` FOREIGN KEY (`dest_id`) REFERENCES `alldestinations` (`dest_id`) ON DELETE CASCADE ON UPDATE CASCADE;

--
-- Ограничения внешнего ключа таблицы `sadovaya`
--
ALTER TABLE `sadovaya`
  ADD CONSTRAINT `sadovaya_ibfk_1` FOREIGN KEY (`bus_id`) REFERENCES `allbuses` (`bus_id`) ON DELETE CASCADE ON UPDATE CASCADE,
  ADD CONSTRAINT `sadovaya_ibfk_2` FOREIGN KEY (`dest_id`) REFERENCES `alldestinations` (`dest_id`) ON DELETE CASCADE ON UPDATE CASCADE;

--
-- Ограничения внешнего ключа таблицы `saz`
--
ALTER TABLE `saz`
  ADD CONSTRAINT `saz_ibfk_1` FOREIGN KEY (`bus_id`) REFERENCES `allbuses` (`bus_id`) ON DELETE CASCADE ON UPDATE CASCADE,
  ADD CONSTRAINT `saz_ibfk_2` FOREIGN KEY (`dest_id`) REFERENCES `alldestinations` (`dest_id`) ON DELETE CASCADE ON UPDATE CASCADE;

--
-- Ограничения внешнего ключа таблицы `school_1`
--
ALTER TABLE `school_1`
  ADD CONSTRAINT `school_1_ibfk_1` FOREIGN KEY (`bus_id`) REFERENCES `allbuses` (`bus_id`) ON DELETE CASCADE ON UPDATE CASCADE,
  ADD CONSTRAINT `school_1_ibfk_2` FOREIGN KEY (`dest_id`) REFERENCES `alldestinations` (`dest_id`) ON DELETE CASCADE ON UPDATE CASCADE;

--
-- Ограничения внешнего ключа таблицы `school_2`
--
ALTER TABLE `school_2`
  ADD CONSTRAINT `school_2_ibfk_1` FOREIGN KEY (`bus_id`) REFERENCES `allbuses` (`bus_id`) ON DELETE CASCADE ON UPDATE CASCADE,
  ADD CONSTRAINT `school_2_ibfk_2` FOREIGN KEY (`dest_id`) REFERENCES `alldestinations` (`dest_id`) ON DELETE CASCADE ON UPDATE CASCADE;

--
-- Ограничения внешнего ключа таблицы `school_3`
--
ALTER TABLE `school_3`
  ADD CONSTRAINT `school_3_ibfk_1` FOREIGN KEY (`bus_id`) REFERENCES `allbuses` (`bus_id`) ON DELETE CASCADE ON UPDATE CASCADE,
  ADD CONSTRAINT `school_3_ibfk_2` FOREIGN KEY (`dest_id`) REFERENCES `alldestinations` (`dest_id`) ON DELETE CASCADE ON UPDATE CASCADE;

--
-- Ограничения внешнего ключа таблицы `school_7`
--
ALTER TABLE `school_7`
  ADD CONSTRAINT `school_7_ibfk_1` FOREIGN KEY (`bus_id`) REFERENCES `allbuses` (`bus_id`) ON DELETE CASCADE ON UPDATE CASCADE,
  ADD CONSTRAINT `school_7_ibfk_2` FOREIGN KEY (`dest_id`) REFERENCES `alldestinations` (`dest_id`) ON DELETE CASCADE ON UPDATE CASCADE;

--
-- Ограничения внешнего ключа таблицы `shop`
--
ALTER TABLE `shop`
  ADD CONSTRAINT `shop_ibfk_1` FOREIGN KEY (`bus_id`) REFERENCES `allbuses` (`bus_id`) ON DELETE CASCADE ON UPDATE CASCADE,
  ADD CONSTRAINT `shop_ibfk_2` FOREIGN KEY (`dest_id`) REFERENCES `alldestinations` (`dest_id`) ON DELETE CASCADE ON UPDATE CASCADE;

--
-- Ограничения внешнего ключа таблицы `shop_5`
--
ALTER TABLE `shop_5`
  ADD CONSTRAINT `shop_5_ibfk_1` FOREIGN KEY (`bus_id`) REFERENCES `allbuses` (`bus_id`) ON DELETE CASCADE ON UPDATE CASCADE,
  ADD CONSTRAINT `shop_5_ibfk_2` FOREIGN KEY (`dest_id`) REFERENCES `alldestinations` (`dest_id`) ON DELETE CASCADE ON UPDATE CASCADE;

--
-- Ограничения внешнего ключа таблицы `spc`
--
ALTER TABLE `spc`
  ADD CONSTRAINT `spc_ibfk_1` FOREIGN KEY (`bus_id`) REFERENCES `allbuses` (`bus_id`) ON DELETE CASCADE ON UPDATE CASCADE,
  ADD CONSTRAINT `spc_ibfk_2` FOREIGN KEY (`dest_id`) REFERENCES `alldestinations` (`dest_id`) ON DELETE CASCADE ON UPDATE CASCADE;

--
-- Ограничения внешнего ключа таблицы `square`
--
ALTER TABLE `square`
  ADD CONSTRAINT `square_ibfk_1` FOREIGN KEY (`bus_id`) REFERENCES `allbuses` (`bus_id`) ON DELETE CASCADE ON UPDATE CASCADE,
  ADD CONSTRAINT `square_ibfk_2` FOREIGN KEY (`dest_id`) REFERENCES `alldestinations` (`dest_id`) ON DELETE CASCADE ON UPDATE CASCADE;

--
-- Ограничения внешнего ключа таблицы `szos`
--
ALTER TABLE `szos`
  ADD CONSTRAINT `szos_ibfk_1` FOREIGN KEY (`bus_id`) REFERENCES `allbuses` (`bus_id`) ON DELETE CASCADE ON UPDATE CASCADE,
  ADD CONSTRAINT `szos_ibfk_2` FOREIGN KEY (`dest_id`) REFERENCES `alldestinations` (`dest_id`) ON DELETE CASCADE ON UPDATE CASCADE;

--
-- Ограничения внешнего ключа таблицы `veterinary`
--
ALTER TABLE `veterinary`
  ADD CONSTRAINT `veterinary_ibfk_1` FOREIGN KEY (`bus_id`) REFERENCES `allbuses` (`bus_id`) ON DELETE CASCADE ON UPDATE CASCADE,
  ADD CONSTRAINT `veterinary_ibfk_2` FOREIGN KEY (`dest_id`) REFERENCES `alldestinations` (`dest_id`) ON DELETE CASCADE ON UPDATE CASCADE;

--
-- Ограничения внешнего ключа таблицы `water_intake`
--
ALTER TABLE `water_intake`
  ADD CONSTRAINT `water_intake_ibfk_1` FOREIGN KEY (`bus_id`) REFERENCES `allbuses` (`bus_id`) ON DELETE CASCADE ON UPDATE CASCADE,
  ADD CONSTRAINT `water_intake_ibfk_2` FOREIGN KEY (`dest_id`) REFERENCES `alldestinations` (`dest_id`) ON DELETE CASCADE ON UPDATE CASCADE;

--
-- Ограничения внешнего ключа таблицы `west`
--
ALTER TABLE `west`
  ADD CONSTRAINT `west_ibfk_1` FOREIGN KEY (`bus_id`) REFERENCES `allbuses` (`bus_id`) ON DELETE CASCADE ON UPDATE CASCADE,
  ADD CONSTRAINT `west_ibfk_2` FOREIGN KEY (`dest_id`) REFERENCES `alldestinations` (`dest_id`) ON DELETE CASCADE ON UPDATE CASCADE;

--
-- Ограничения внешнего ключа таблицы `zaslonova_st`
--
ALTER TABLE `zaslonova_st`
  ADD CONSTRAINT `zaslonova_st_ibfk_1` FOREIGN KEY (`bus_id`) REFERENCES `allbuses` (`bus_id`) ON DELETE CASCADE ON UPDATE CASCADE,
  ADD CONSTRAINT `zaslonova_st_ibfk_2` FOREIGN KEY (`dest_id`) REFERENCES `alldestinations` (`dest_id`) ON DELETE CASCADE ON UPDATE CASCADE;

--
-- Ограничения внешнего ключа таблицы `сom_center`
--
ALTER TABLE `сom_center`
  ADD CONSTRAINT `сom_center_ibfk_1` FOREIGN KEY (`bus_id`) REFERENCES `allbuses` (`bus_id`) ON DELETE CASCADE ON UPDATE CASCADE,
  ADD CONSTRAINT `сom_center_ibfk_2` FOREIGN KEY (`dest_id`) REFERENCES `alldestinations` (`dest_id`) ON DELETE CASCADE ON UPDATE CASCADE;
COMMIT;

/*!40101 SET CHARACTER_SET_CLIENT=@OLD_CHARACTER_SET_CLIENT */;
/*!40101 SET CHARACTER_SET_RESULTS=@OLD_CHARACTER_SET_RESULTS */;
/*!40101 SET COLLATION_CONNECTION=@OLD_COLLATION_CONNECTION */;
